{
  "name": "sfrpg-spanish-babele",
  "title": "Starfinder - Translations for compendiums (Spanish)",
  "description": "Traducciones al español de los compendiums de Starfinder usando el modulo de babele.",
  "version": "0.0.0",
  "minimumCoreVersion" : "9",
  "compatibleCoreVersion": "9",
  "author": "JeakSoul",
  "dependencies": [
	{
      "name": "sfrpg",
	  "type": "system",
	  "version": "0.19.1"
    },
    {
      "name": "babele",
	  "type": "module",
	  "manifest": "https://gitlab.com/riccisi/foundryvtt-babele/raw/master/module/module.json",
      "version": "2.2.3"
    }
  ],
  "esmodules": [
      "babele-register.js"
    ],
  "scripts": [ ],
  "styles": [],
  "packs": [],
  "languages": [{
  	"lang": "es",
  	"name": "Español",
  	"path": "lang/es.json"  	
  }],
  "system": "sfrpg",
  "systemVersion": "0.9.0.0",
  "url": "https://github.com/JeakSoul/sfrpg-spanish-babele",
  "manifest": "https://github.com/JeakSoul/sfrpg-spanish-babele/blob/main/module.json",
  "download": "https://github.com/JeakSoul/sfrpg-spanish-babele/sfrpg-spanish-babele.zip"
}
