{
	"label": "Conditions",
	"entries": {
		"Asleep": {
			"name": "Asleep",
			"description": "<p style=\"text-align: justify;\">&gt;@Compendium[sfrpg.rules.0yJjfyvWg5pDLcVR]{Conditions}</p>\n<hr />\n<p style=\"text-align: justify;\">You are sleeping and @Compendium[sfrpg.conditions.RxvbSB9ZgSCBu2jw]{@Compendium[sfrpg.conditions.RxvbSB9ZgSCBu2jw]{Helpless}}.</p>\n<p style=\"text-align: justify;\">While asleep, you take a &ndash;10 penalty to Perception checks to notice anything.</p>\n<p style=\"text-align: justify;\">If you succeed at a Perception check to notice something despite the penalty, you automatically awaken.</p>\n<p style=\"text-align: justify;\">You are also awoken if you are slapped or wounded.</p>\n<p style=\"text-align: justify;\">An ally can wake you as a standard action.</p>"
		},
		"Bleeding": {
			"name": "Bleeding",
			"description": "<p style=\"text-align: justify;\">&gt;@Compendium[sfrpg.rules.0yJjfyvWg5pDLcVR]</p>\n<hr />\n<p style=\"text-align: justify;\">You take the listed amount of damage at the beginning of your turn each round until this condition ends.</p>\n<p style=\"text-align: justify;\">Your bleeding can be stopped with a successful DC 15 Medicine check as a standard action, or through the application of any ability that restores Hit Points.</p>\n<p style=\"text-align: justify;\">If you take two or more bleed effects, you take only the damage from the worst effect.</p>"
		},
		"Blinded": {
			"name": "Blinded",
			"description": "<p style=\"text-align: justify;\">&gt;@Compendium[sfrpg.rules.0yJjfyvWg5pDLcVR]{Conditions}</p>\n<hr />\n<p style=\"text-align: justify;\">You cannot see.</p>\n<p style=\"text-align: justify;\">You are @Compendium[sfrpg.conditions.MZ8OoH1GE9qDMyCD]{Flat-Footed} and take a &ndash;4 penalty to most Strength- and Dexterity-based skill checks and to opposed Perception skill checks.</p>\n<p style=\"text-align: justify;\">All checks and activities that rely on vision (such as reading and Perception checks based on sight) automatically fail.</p>\n<p style=\"text-align: justify;\">You can&rsquo;t observe other creatures, which means (among other things) that you treat all creatures as having total concealment (50% miss chance).</p>\n<p style=\"text-align: justify;\">You must succeed at a DC 10 Acrobatics skill check to move faster than half speed.</p>\n<p style=\"text-align: justify;\">If you fail this check, you fall @Compendium[sfrpg.conditions.XeRGqHVtcZ7vsgJ0]{Prone}.</p>\n<p style=\"text-align: justify;\">Characters who remain blinded for a long time grow accustomed to these drawbacks and can overcome some of them.</p>\n<p style=\"text-align: justify;\">Creatures that become blinded but that have a precise sense (see page 260) other than vision still automatically fail all checks and activities relying on vision, but they suffer none of the other effects.</p>"
		},
		"Broken (Armor)": {
			"name": "Broken (Armor)",
			"description": "<p style=\"text-align: justify;\">&gt;@Compendium[sfrpg.rules.IBhv8b5jBFbVIYUR]{Broken}</p>\n<hr />\n<p style=\"text-align: justify;\">Items that have taken damage in excess of half their total Hit Points gain the broken condition, meaning they are less effective at their designated tasks.</p>\n<p style=\"text-align: justify;\">The broken condition has the following effects, depending upon the item. For information about the hardness and Hit Points of armor and weapons, see page 409.</p>\n<hr />\n<p style=\"text-align: justify;\">If the item is <strong>armor</strong>, the bonuses it grants to AC are halved, rounding down.</p>\n<p style=\"text-align: justify;\">Broken armor doubles its armor check penalty to skill checks.</p>\n<hr />\n<p style=\"text-align: justify;\">Items with the broken condition, regardless of type, can be resold for only half the normal resale value (usually 5% of the item&rsquo;s purchase price).</p>\n<p style=\"text-align: justify;\">Any item can be repaired with a mending or make whole spell cast by a character with a caster level equal to or higher than the item&rsquo;s level.</p>\n<p style=\"text-align: justify;\">Items lose the broken condition if the spell restores the object to half its original Hit Points or higher.</p>\n<hr />\n<p style=\"text-align: justify;\">In addition, magic items can be repaired with the Mysticism skill (see page 143 for more details), and technological items can be repaired with the Engineering skill (see page 141 for more details).</p>\n<p style=\"text-align: justify;\">Hybrid items can be repaired with either skill.</p>\n<p style=\"text-align: justify;\">Most repair shops (magical or technological) charge 10% of the item&rsquo;s original purchase price to repair such damage (or more if the item is badly damaged or ruined).</p>"
		},
		"Broken (Tool or Aug)": {
			"name": "Broken (Tool or Aug)",
			"description": "<p style=\"text-align: justify;\">&gt;@Compendium[sfrpg.rules.IBhv8b5jBFbVIYUR]{Broken}</p>\n<hr />\n<p style=\"text-align: justify;\">Items that have taken damage in excess of half their total Hit Points gain the broken condition, meaning they are less effective at their designated tasks.</p>\n<p style=\"text-align: justify;\">The broken condition has the following effects, depending upon the item. For information about the hardness and Hit Points of armor and weapons, see page 409.</p>\n<hr />\n<p style=\"text-align: justify;\">If the item is a<strong> tool</strong> (such as a tech item) or a piece of <strong>cybertech</strong> or <strong>biotech</strong> that provides a bonus to ability checks, saving throws, skill checks, or speed (including new movement speeds), those bonuses are halved, rounding down (minimum 0).</p>\n<hr />\n<p style=\"text-align: justify;\">Items with the broken condition, regardless of type, can be resold for only half the normal resale value (usually 5% of the item&rsquo;s purchase price).</p>\n<p style=\"text-align: justify;\">Any item can be repaired with a mending or make whole spell cast by a character with a caster level equal to or higher than the item&rsquo;s level.</p>\n<p style=\"text-align: justify;\">Items lose the broken condition if the spell restores the object to half its original Hit Points or higher.</p>\n<hr />\n<p style=\"text-align: justify;\">In addition, magic items can be repaired with the Mysticism skill (see page 143 for more details), and technological items can be repaired with the Engineering skill (see page 141 for more details).</p>\n<p style=\"text-align: justify;\">Hybrid items can be repaired with either skill.</p>\n<p style=\"text-align: justify;\">Most repair shops (magical or technological) charge 10% of the item&rsquo;s original purchase price to repair such damage (or more if the item is badly damaged or ruined).</p>"
		},
		"Broken (Vehicle)": {
			"name": "Broken (Vehicle)",
			"description": "<p style=\"text-align: justify;\">&gt;@Compendium[sfrpg.rules.IBhv8b5jBFbVIYUR]{Broken}</p>\n<hr />\n<p style=\"text-align: justify;\">Items that have taken damage in excess of half their total Hit Points gain the broken condition, meaning they are less effective at their designated tasks.</p>\n<p style=\"text-align: justify;\">The broken condition has the following effects, depending upon the item. For information about the hardness and Hit Points of armor and weapons, see page 409.</p>\n<hr />\n<p style=\"text-align: justify;\">If the item is a <strong>vehicle</strong>, it has a &ndash;2 penalty to its AC and collision DC, its Piloting modifier decreases by 2, and its full speed and its MPH are halved.</p>\n<hr />\n<p style=\"text-align: justify;\">Items with the broken condition, regardless of type, can be resold for only half the normal resale value (usually 5% of the item&rsquo;s purchase price).</p>\n<p style=\"text-align: justify;\">Any item can be repaired with a mending or make whole spell cast by a character with a caster level equal to or higher than the item&rsquo;s level.</p>\n<p style=\"text-align: justify;\">Items lose the broken condition if the spell restores the object to half its original Hit Points or higher.</p>\n<hr />\n<p style=\"text-align: justify;\">In addition, magic items can be repaired with the Mysticism skill (see page 143 for more details), and technological items can be repaired with the Engineering skill (see page 141 for more details).</p>\n<p style=\"text-align: justify;\">Hybrid items can be repaired with either skill.</p>\n<p style=\"text-align: justify;\">Most repair shops (magical or technological) charge 10% of the item&rsquo;s original purchase price to repair such damage (or more if the item is badly damaged or ruined).</p>"
		},
		"Broken (Weapon)": {
			"name": "Broken (Weapon)",
			"description": "<p style=\"text-align: justify;\">&gt;@Compendium[sfrpg.rules.IBhv8b5jBFbVIYUR]{Broken}</p>\n<hr />\n<p style=\"text-align: justify;\">Items that have taken damage in excess of half their total Hit Points gain the broken condition, meaning they are less effective at their designated tasks.</p>\n<p style=\"text-align: justify;\">The broken condition has the following effects, depending upon the item. For information about the hardness and Hit Points of armor and weapons, see page 409.</p>\n<hr />\n<p style=\"text-align: justify;\">If the item is a <strong>weapon</strong>, any attacks made with the item take a &ndash;2 penalty to attack and damage rolls.</p>\n<p style=\"text-align: justify;\">Such weapons can&rsquo;t deal extra critical effects on a critical hit but still deal double damage.</p>\n<hr />\n<p style=\"text-align: justify;\">Items with the broken condition, regardless of type, can be resold for only half the normal resale value (usually 5% of the item&rsquo;s purchase price).</p>\n<p style=\"text-align: justify;\">Any item can be repaired with a mending or make whole spell cast by a character with a caster level equal to or higher than the item&rsquo;s level.</p>\n<p style=\"text-align: justify;\">Items lose the broken condition if the spell restores the object to half its original Hit Points or higher.</p>\n<hr />\n<p style=\"text-align: justify;\">In addition, magic items can be repaired with the Mysticism skill (see page 143 for more details), and technological items can be repaired with the Engineering skill (see page 141 for more details).</p>\n<p style=\"text-align: justify;\">Hybrid items can be repaired with either skill.</p>\n<p style=\"text-align: justify;\">Most repair shops (magical or technological) charge 10% of the item&rsquo;s original purchase price to repair such damage (or more if the item is badly damaged or ruined).</p>"
		},
		"Burning": {
			"name": "Burning",
			"description": "<p style=\"text-align: justify;\">&gt;@Compendium[sfrpg.rules.0yJjfyvWg5pDLcVR]{Conditions}</p>\n<hr />\n<p style=\"text-align: justify;\">You are on fire.</p>\n<p style=\"text-align: justify;\">As long as you have this condition, at the start of your turn each round before you take any actions (or attempt the Reflex saving throw described below), you take the listed amount of damage as fire damage (or 1d6 fire damage, if no amount is listed in the effect that causes burning).</p>\n<p style=\"text-align: justify;\">Fire damage from multiple sources that inflict the burning condition is cumulative.</p>\n<p style=\"text-align: justify;\">At the end of each round you are burning, you can attempt a Reflex saving throw to remove this condition.</p>\n<p style=\"text-align: justify;\">The DC of this saving throw is equal to 10 + the amount of fire damage you took this round from the burning condition.</p>\n<p style=\"text-align: justify;\">If you succeed at this saving throw, you lose the burning condition.</p>\n<p style=\"text-align: justify;\">You can attempt a new saving throw each round you have this condition, and you receive a +2 bonus for each previous saving throw you&rsquo;ve attempted in consecutive rounds.</p>\n<p style=\"text-align: justify;\">You can also automatically end this condition by jumping into enough water to douse yourself.</p>\n<p style=\"text-align: justify;\">If you don&rsquo;t have enough water on hand, you can spend a full action to roll on the ground or otherwise smother the fire to attempt a new saving throw with a +4 bonus (plus any bonuses from previously failed consecutive attempts) to end the condition.</p>"
		},
		"Confused": {
			"name": "Confused",
			"description": "<p style=\"text-align: justify;\">&gt;@Compendium[sfrpg.rules.0yJjfyvWg5pDLcVR]{Conditions}</p>\n<hr />\n<p style=\"text-align: justify;\">You are mentally befuddled and can&rsquo;t act normally.</p>\n<p style=\"text-align: justify;\">You can&rsquo;t tell the difference between ally and foe, and thus you treat all creatures as enemies, even your closest friends and family, if applicable.</p>\n<p style=\"text-align: justify;\">An ally who wishes to cast a beneficial spell on you with a range of touch must succeed at an attack roll against your Energy Armor Class, since you cannot be considered a willing target.</p>\n<p style=\"text-align: justify;\">If you are attacked while you&rsquo;re confused, you always attack the creature that last attacked you until that creature is @Compendium[sfrpg.conditions.nEJIWMKbPjqKuelo]{Dead} or out of sight, unless it is otherwise impossible for you to attack it that round.</p>\n<p style=\"text-align: justify;\">While confused, you can&rsquo;t make attacks of opportunity against any creature or thing that you aren&rsquo;t already committed to attacking.</p>\n<p style=\"text-align: justify;\">If you are not devoted to attacking a target, roll on the following table at the beginning of your turn each round to see what you do in that round.</p>\n<table>\n<tbody>\n<tr>\n<td>[[/r 1d100 #Confusion Table % Result]]</td>\n<td><strong>Behavior</strong></td>\n</tr>\n<tr>\n<td>1&ndash;25</td>\n<td>Act normally.</td>\n</tr>\n<tr>\n<td>26&ndash;50</td>\n<td>Do nothing but babble incoherently.</td>\n</tr>\n<tr>\n<td>51&ndash;75</td>\n<td>Deal 1d8 + Str modifier damage to self with item in hand.</td>\n</tr>\n<tr>\n<td>76&ndash;100</td>\n<td>Attack nearest creature.</td>\n</tr>\n</tbody>\n</table>\n<p style=\"text-align: justify;\">If you can&rsquo;t carry out the indicated action, you do nothing but babble incoherently.</p>\n<p style=\"text-align: justify;\">Attackers are not at any special advantage when attacking you.</p>"
		},
		"Cowering": {
			"name": "Cowering",
			"description": "<p style=\"text-align: justify;\">&gt;@Compendium[sfrpg.rules.0yJjfyvWg5pDLcVR]{Conditions}</p>\n<hr />\n<p style=\"text-align: justify;\">You&rsquo;re frozen with fear.</p>\n<p style=\"text-align: justify;\">You&rsquo;re @Compendium[sfrpg.conditions.MZ8OoH1GE9qDMyCD]{Flat-Footed} and can take no actions.</p>"
		},
		"Dazed": {
			"name": "Dazed",
			"description": "<p style=\"text-align: justify;\">&gt;@Compendium[sfrpg.rules.0yJjfyvWg5pDLcVR]{Conditions}</p>\n<hr />\n<p>You are unable to act normally.</p>\n<p>You can take no actions but have no penalty to your AC.</p>\n<p>A dazed condition typically lasts 1 round.</p>"
		},
		"Dazzled": {
			"name": "Dazzled",
			"description": "<p style=\"text-align: justify;\">&gt;@Compendium[sfrpg.rules.0yJjfyvWg5pDLcVR]{Conditions}</p>\n<hr />\n<p style=\"text-align: justify;\">You are unable to see well because of overstimulation of your eyes.</p>\n<p style=\"text-align: justify;\">You take a &ndash;1 penalty to attack rolls and sight-based Perception checks.</p>"
		},
		"Dead": {
			"name": "Dead",
			"description": "<p style=\"text-align: justify;\">&gt;@Compendium[sfrpg.rules.0yJjfyvWg5pDLcVR]{Conditions}</p>\n<p style=\"text-align: justify;\">&gt;@Compendium[sfrpg.conditions.4MxAK5uS0zMNWhUK]{Dying} + @Compendium[sfrpg.conditions.H51jmhxF9XuwDOE7]{Stable} + @Compendium[sfrpg.conditions.lf8pbezocjYIvR9y]{Unconscious}</p>\n<hr />\n<p style=\"text-align: justify;\">You are dead when you have 0 Hit Points, are not @Compendium[sfrpg.conditions.H51jmhxF9XuwDOE7]{Stable}, and have no Resolve Points remaining but would lose RP due to @Compendium[sfrpg.conditions.4MxAK5uS0zMNWhUK]{Dying} or taking damage while @Compendium[sfrpg.conditions.4MxAK5uS0zMNWhUK]{Dying}.</p>\n<p style=\"text-align: justify;\">(See Injury and Death beginning on CRB pg. 250 for more information.)</p>\n<p style=\"text-align: justify;\">You can also die from ability damage, ability drain, or negative levels (CRB pg. 252), or by taking massive damage (CRB pg. 250).</p>\n<p style=\"text-align: justify;\">When you are dead, your soul leaves your body and you are unable to act in any way.</p>\n<p style=\"text-align: justify;\">You can&rsquo;t benefit from normal or magical healing, but you can be restored to life via magic or technology capable of such a feat.</p>\n<p style=\"text-align: justify;\">Your dead body decays normally unless it is preserved, but anything that restores you to life also restores your body either to full health or to its condition at the time of death (depending on the spell or device that&rsquo;s reviving you).</p>\n<p style=\"text-align: justify;\">Either way, you need not worry about decomposition, rigor mortis, and other conditions that affect dead bodies after you are resurrected.</p>"
		},
		"Deafened": {
			"name": "Deafened",
			"description": "<p style=\"text-align: justify;\">&gt;@Compendium[sfrpg.rules.0yJjfyvWg5pDLcVR]{Conditions}</p>\n<hr />\n<p style=\"text-align: justify;\">You can&rsquo;t hear.</p>\n<p style=\"text-align: justify;\">You take a &ndash;4 penalty to initiative checks and opposed Perception checks, and you automatically fail Perception checks based on sound.</p>\n<p style=\"text-align: justify;\">Characters who remain @Compendium[sfrpg.conditions.D8JvCEmOiWKe2UDx]{Deafened} for a long time grow accustomed to these drawbacks and can overcome some of them.</p>"
		},
		"Dying": {
			"name": "Dying",
			"description": "<p style=\"text-align: justify;\">&gt;@Compendium[sfrpg.rules.0yJjfyvWg5pDLcVR]{Conditions}</p>\n<p style=\"text-align: justify;\">&gt;@Compendium[sfrpg.conditions.4MxAK5uS0zMNWhUK]{Dying} + @Compendium[sfrpg.conditions.H51jmhxF9XuwDOE7]{Stable} + @Compendium[sfrpg.conditions.lf8pbezocjYIvR9y]{Unconscious}</p>\n<hr />\n<p style=\"text-align: justify;\">You are @Compendium[sfrpg.conditions.lf8pbezocjYIvR9y]{Unconscious} and near death.</p>\n<p style=\"text-align: justify;\">Creatures at 0 Hit Points that have not stabilized are dying.</p>\n<p style=\"text-align: justify;\">You can take no actions and lose 1 Resolve Point each round at the end of your turn unless you are stabilized.</p>\n<p style=\"text-align: justify;\">You can spend RP equal to one-quarter your maximum (minimum 1, maximum 3) to stabilize and can spend 1 RP in a later round to gain 1 Hit Point and stay in the fight.</p>\n<p style=\"text-align: justify;\">Stabilizing or being healed above 0 Hit Points ends the dying condition, as does death.</p>\n<p style=\"text-align: justify;\">See Injury and Death on page 250 for more information.</p>"
		},
		"Encumbered": {
			"name": "Encumbered",
			"description": "<p style=\"text-align: justify;\">&gt;@Compendium[sfrpg.rules.0yJjfyvWg5pDLcVR]</p>\n<hr />\n<p>All of your speeds are reduced by 10 feet, your maximum Dexterity bonus to your Armor Class is reduced to +2, and you take a &ndash;5 penalty to Strength- and Dexterity-based checks (or you take your armor&rsquo;s armor check penalty, whichever is worse).</p>"
		},
		"Entangled": {
			"name": "Entangled",
			"description": "<p style=\"text-align: justify;\">&gt;@Compendium[sfrpg.rules.0yJjfyvWg5pDLcVR]</p>\n<hr />\n<p style=\"text-align: justify;\">You are ensnared.</p>\n<p style=\"text-align: justify;\">Being entangled impedes your movement but does not entirely prevent you from moving unless the bonds are anchored to an immobile object or tethered by an opposing force.</p>\n<p style=\"text-align: justify;\">You move at half speed, you cannot run or charge, and you take a &ndash;2 penalty to your AC, attack rolls, Reflex saving throws, initiative checks, and Dexterity-based skill and ability checks.</p>"
		},
		"Exhausted": {
			"name": "Exhausted",
			"description": "<p>&gt;@Compendium[sfrpg.rules.0yJjfyvWg5pDLcVR]{Conditions}</p>\n<hr />\n<p>You move at half speed, you can&rsquo;t run or charge, and you take a &ndash;3 penalty to your Armor Class, attack rolls, melee damage rolls, thrown weapon damage rolls that add Strength to damage, Reflex saving throws, initiative checks, and Strength- and Dexterity-based skill and ability checks.</p>\n<p>The amount of bulk you can carry without becoming @Compendium[sfrpg.conditions.OwZA6flUQPH0jPA0]{Encumbered} is reduced by 3.</p>\n<p>After 1 hour of complete rest, you instead become @Compendium[sfrpg.conditions.JGFn4MrDZ6X5vrzU]{Fatigued}.</p>"
		},
		"Fascinated": {
			"name": "Fascinated",
			"description": "<p style=\"text-align: justify;\">&gt;@Compendium[sfrpg.rules.0yJjfyvWg5pDLcVR]{Conditions}</p>\n<hr />\n<p style=\"text-align: justify;\">You are entranced.</p>\n<p style=\"text-align: justify;\">While you have the fascinated condition, you stand or sit quietly, taking no actions other than to pay attention to the fascinating effect, for as long as the effect lasts.</p>\n<p style=\"text-align: justify;\">You take a &ndash;4 penalty to skill checks made passively in response to others&rsquo; actions, such as Perception checks.</p>\n<p style=\"text-align: justify;\">Any potential threat, such as a hostile creature approaching, grants you a new saving throw against the fascinating effect.</p>\n<p style=\"text-align: justify;\">Any obvious threat, such as someone drawing a weapon, casting a spell, or aiming a ranged weapon at you, automatically ends the condition.</p>\n<p style=\"text-align: justify;\">An ally can shake you free of the effect and end this condition as a standard action.</p>"
		},
		"Fatigued": {
			"name": "Fatigued",
			"description": "<p>&gt;@Compendium[sfrpg.rules.0yJjfyvWg5pDLcVR]{Conditions}</p>\n<hr />\n<p>You can neither run nor charge, and you take a &ndash;1 penalty to your Armor Class, attack rolls, melee damage rolls, Reflex saving throws, initiative checks, and Strength- and Dexterity-based skill and ability checks.</p>\n<p>The amount of bulk you can carry without becoming @Compendium[sfrpg.conditions.OwZA6flUQPH0jPA0]{Encumbered} is reduced by 1.</p>\n<p>If you are already fatigued and would gain the fatigued condition, you lose the fatigued condition and are @Compendium[sfrpg.conditions.33ynSbmexuxC3cAQ]{Exhausted} for the total duration of all fatiguing effects.</p>\n<p>After 8 hours of complete rest, you are no longer fatigued.</p>"
		},
		"Flat-Footed": {
			"name": "Flat-Footed",
			"description": "<p style=\"text-align: justify;\">&gt;@Compendium[sfrpg.rules.0yJjfyvWg5pDLcVR]{Conditions}</p>\n<hr />\n<p style=\"text-align: justify;\">At the start of a combat, if you are surprised, you are @Compendium[sfrpg.conditions.MZ8OoH1GE9qDMyCD]{Flat-Footed} until you become aware of combat and have had a chance to act.</p>\n<p style=\"text-align: justify;\">Many other effects can cause you to become @Compendium[sfrpg.conditions.MZ8OoH1GE9qDMyCD]{Flat-Footed}.</p>\n<p style=\"text-align: justify;\">You take a &ndash;2 penalty to your AC and cannot take reactions while @Compendium[sfrpg.conditions.MZ8OoH1GE9qDMyCD]{Flat-Footed}.</p>"
		},
		"Frightened": {
			"name": "Frightened",
			"description": "<p style=\"text-align: justify;\">&gt;@Compendium[sfrpg.rules.0yJjfyvWg5pDLcVR]{Conditions}</p>\n<hr />\n<p style=\"text-align: justify;\">You flee from the source of your fear as best you can.</p>\n<p style=\"text-align: justify;\">If you are unable to flee, you can instead fight.</p>\n<p style=\"text-align: justify;\">You take a &ndash;2 penalty to ability checks, attack rolls, saving throws, and skill checks.</p>\n<p style=\"text-align: justify;\">You can use special abilities, including spells, to flee; indeed, you must use such means if they are the only way you have to escape while you are @Compendium[sfrpg.conditions.DtwiUWi8dpzkq4tM]{Frightened}.</p>\n<p style=\"text-align: justify;\">If you are already @Compendium[sfrpg.conditions.DtwiUWi8dpzkq4tM]{Frightened} and become subject to an additional effect that would cause you to be @Compendium[sfrpg.conditions.DtwiUWi8dpzkq4tM]{Frightened}, the duration of the @Compendium[sfrpg.conditions.DtwiUWi8dpzkq4tM]{Frightened} condition increases by the duration of the second effect.</p>"
		},
		"Grappled": {
			"name": "Grappled",
			"description": "<p style=\"text-align: justify;\">&gt;@Compendium[sfrpg.rules.0yJjfyvWg5pDLcVR]{Conditions}</p>\n<hr />\n<p style=\"text-align: justify;\">You are restrained by a creature, effect, or trap.</p>\n<p style=\"text-align: justify;\">You can&rsquo;t move, and you take a &ndash;2 penalty to your Armor Class, attack rolls, Reflex saving throws, initiative checks, and Dexterity-based skill and ability checks, except those made to grapple your opponent in turn or to escape a grapple (see Grapple on page 246).</p>\n<p style=\"text-align: justify;\">In addition, you can&rsquo;t take actions that require two hands (or other limbs) to perform.</p>\n<p style=\"text-align: justify;\">You can&rsquo;t make attacks of opportunity.<br /><br />You can&rsquo;t use Stealth to hide from the creature grappling you, even if a special ability allows you to hide when you normally couldn&rsquo;t.</p>\n<p style=\"text-align: justify;\">If you become invisible, through a spell or other ability, you gain a +2 circumstance bonus to your check to escape being @Compendium[sfrpg.conditions.4AkWDHGM6gHDepHN]{Grappled}, but you receive no other benefit.</p>"
		},
		"Helpless": {
			"name": "Helpless",
			"description": "<p style=\"text-align: justify;\">&gt;@Compendium[sfrpg.rules.0yJjfyvWg5pDLcVR]{Conditions}</p>\n<hr />\n<p style=\"text-align: justify;\">You are bound, sleeping, @Compendium[sfrpg.conditions.lf8pbezocjYIvR9y]{Unconscious}, or otherwise completely at an opponent&rsquo;s mercy.</p>\n<p style=\"text-align: justify;\">You are treated as having a Dexterity of 0 (making your Dexterity modifier &ndash;5), and melee attacks against you gain an additional +4 bonus (equivalent to attacking a @Compendium[sfrpg.conditions.XeRGqHVtcZ7vsgJ0]{Prone} target).</p>\n<p style=\"text-align: justify;\">Ranged attacks get no special bonus against you.</p>"
		},
		"Nauseated": {
			"name": "Nauseated",
			"description": "<p style=\"text-align: justify;\">&gt;@Compendium[sfrpg.rules.0yJjfyvWg5pDLcVR]{Conditions}</p>\n<hr />\n<p style=\"text-align: justify;\">You are experiencing stomach distress.</p>\n<p style=\"text-align: justify;\">You can&rsquo;t attack, cast spells, concentrate on spells, or do anything else requiring attention.</p>\n<p style=\"text-align: justify;\">The only action you can take is a single move action per turn.</p>"
		},
		"Off-Kilter": {
			"name": "Off-Kilter",
			"description": "<p style=\"text-align: justify;\">&gt;@Compendium[sfrpg.rules.0yJjfyvWg5pDLcVR]{Conditions}</p>\n<hr />\n<p>You are disoriented and floating in zero gravity.</p>\n<p>You can&rsquo;t take move actions to move your speed, crawl, or take a guarded step.</p>\n<p>You are @Compendium[sfrpg.conditions.MZ8OoH1GE9qDMyCD]{Flat-Footed} and take a &ndash;2 penalty to attack rolls.</p>\n<p>You must use a method of propulsion to right yourself or grab a stabilizing object such as a wall or ladder (usually as a move action) in order to end this condition.</p>\n<p>See Zero Gravity on page 402 for more information.</p>"
		},
		"Off-Target": {
			"name": "Off-Target",
			"description": "<p style=\"text-align: justify;\">&gt;@Compendium[sfrpg.rules.0yJjfyvWg5pDLcVR]{Conditions}</p>\n<hr />\n<p style=\"text-align: justify;\">Your battle concentration is thrown off.</p>\n<p style=\"text-align: justify;\">You take a &ndash;2 penalty to attack rolls while off-target.</p>"
		},
		"Overburdened": {
			"name": "Overburdened",
			"description": "<p style=\"text-align: justify;\">&gt;@Compendium[sfrpg.rules.0yJjfyvWg5pDLcVR]{Conditions}</p>\n<hr />\n<p style=\"text-align: justify;\">All of your speeds are reduced to 5 feet, your maximum Dexterity bonus to your Armor Class is reduced to +0, and you take a &ndash;5 penalty to Strength- and Dexterity-based checks (or your armor&rsquo;s armor check penalty, whichever is worse).</p>"
		},
		"Panicked": {
			"name": "Panicked",
			"description": "<p style=\"text-align: justify;\">&gt;@Compendium[sfrpg.rules.0yJjfyvWg5pDLcVR]{Conditions}</p>\n<hr />\n<p style=\"text-align: justify;\">You drop everything you are holding and flee at top speed along a random path away from the source of your fear, as well as from any other dangers you encounter.</p>\n<p style=\"text-align: justify;\">You can&rsquo;t take any other actions.</p>\n<p style=\"text-align: justify;\">In addition, you take a &ndash;2 penalty to all ability checks, saving throws, and skill checks.</p>\n<p style=\"text-align: justify;\">If cornered, you cower and don&rsquo;t attack, typically using the total defense action in combat and nothing else.</p>\n<p style=\"text-align: justify;\">You can use special abilities, including spells, to flee; indeed, you must use such means if they are the only way you have to escape.</p>"
		},
		"Paralyzed": {
			"name": "Paralyzed",
			"description": "<p style=\"text-align: justify;\">&gt;@Compendium[sfrpg.rules.0yJjfyvWg5pDLcVR]{Conditions}</p>\n<hr />\n<p style=\"text-align: justify;\">You are almost entirely frozen in place and unable to move your body except to squirm slightly, move your eyes, and so on.</p>\n<p style=\"text-align: justify;\">You aren&rsquo;t @Compendium[sfrpg.conditions.RxvbSB9ZgSCBu2jw]{Helpless}, though you are treated as having a Dexterity modifier of &ndash;5.</p>\n<p style=\"text-align: justify;\">You can take purely mental actions but no physical actions.</p>\n<p style=\"text-align: justify;\">If you are flying in the air when you become @Compendium[sfrpg.conditions.NV4qXRDgb7zTNkW2]{Paralyzed} and your flight is dependent on physical means (such as wings), you fall.</p>\n<p style=\"text-align: justify;\">If you are swimming when you become @Compendium[sfrpg.conditions.NV4qXRDgb7zTNkW2]{Paralyzed}, you could drown (see Suffocation and Drowning on page 404).</p>\n<p style=\"text-align: justify;\">A creature can move through a space you occupy, whether or not it is your ally.</p>\n<p style=\"text-align: justify;\">Each square you occupy, however, counts as 2 squares to move through.</p>"
		},
		"Pinned": {
			"name": "Pinned",
			"description": "<p style=\"text-align: justify;\">&gt;@Compendium[sfrpg.rules.0yJjfyvWg5pDLcVR]{Conditions}</p>\n<hr />\n<p style=\"text-align: justify;\">You are tightly bound and can take few actions.</p>\n<p style=\"text-align: justify;\">While you are @Compendium[sfrpg.conditions.XgK4EdO5D3Fj3iWz]{Pinned}, you can&rsquo;t move and are @Compendium[sfrpg.conditions.MZ8OoH1GE9qDMyCD]{Flat-Footed}.</p>\n<p style=\"text-align: justify;\">You also take an additional &ndash;4 penalty to your Armor Class, attack rolls, Reflex saving throws, initiative checks, and Dexterity-based skill and ability checks (these penalties replace those from the @Compendium[sfrpg.conditions.4AkWDHGM6gHDepHN]{Grappled} condition and also apply to attempts to grapple your opponent or free yourself; see Grapple on page 246).</p>\n<p style=\"text-align: justify;\">You are limited in the actions that you can take.</p>\n<p style=\"text-align: justify;\">You cannot take any action that requires the use of any of your limbs, but you can always attempt to free yourself, usually through an attack roll or Acrobatics check.</p>\n<p style=\"text-align: justify;\">You can&rsquo;t make attacks of opportunity while you are @Compendium[sfrpg.conditions.XgK4EdO5D3Fj3iWz]{Pinned}, but you can still take verbal and mental actions, such as spellcasting.</p>"
		},
		"Prone": {
			"name": "Prone",
			"description": "<p style=\"text-align: justify;\">&gt;@Compendium[sfrpg.rules.0yJjfyvWg5pDLcVR]{Conditions}</p>\n<hr />\n<p style=\"text-align: justify;\">You are lying on the ground.</p>\n<p style=\"text-align: justify;\">You take a &ndash;4 penalty to melee attack rolls.</p>\n<p style=\"text-align: justify;\">You gain a +4 bonus to your Armor Class against ranged attacks, but you take a &ndash;4 penalty to your Armor Class against melee attacks.</p>\n<p style=\"text-align: justify;\">Standing up from prone is a move action.</p>"
		},
		"Shaken": {
			"name": "Shaken",
			"description": "<p style=\"text-align: justify;\">&gt;@Compendium[sfrpg.rules.0yJjfyvWg5pDLcVR]{Conditions}</p>\n<hr />\n<p style=\"text-align: justify;\">You take a &ndash;2 penalty to attack rolls, saving throws, skill checks, and ability checks while you have the shaken condition.</p>\n<p style=\"text-align: justify;\">If you are already shaken and then become subject to an additional effect that would cause you to be shaken, the duration of the shaken condition increases by the duration of the second effect.</p>"
		},
		"Sickened": {
			"name": "Sickened",
			"description": "<p style=\"text-align: justify;\">&gt;@Compendium[sfrpg.rules.0yJjfyvWg5pDLcVR]{Conditions}</p>\n<hr />\n<p style=\"text-align: justify;\">You take a &ndash;2 penalty to attack rolls, weapon damage rolls, saving throws, skill checks, and ability checks.</p>"
		},
		"Stable": {
			"name": "Stable",
			"description": "<p style=\"text-align: justify;\">&gt;@Compendium[sfrpg.rules.0yJjfyvWg5pDLcVR]{Conditions}</p>\n<p style=\"text-align: justify;\">&gt;@Compendium[sfrpg.conditions.4MxAK5uS0zMNWhUK]{Dying} + @Compendium[sfrpg.conditions.nEJIWMKbPjqKuelo]{Dead} + @Compendium[sfrpg.conditions.lf8pbezocjYIvR9y]{Unconscious}</p>\n<hr />\n<p style=\"text-align: justify;\">If you were @Compendium[sfrpg.conditions.4MxAK5uS0zMNWhUK]{Dying} but spent Resolve Points to stabilize (see Using Resolve Points beginning on page 250 in Injury and Death), or if you received healing from an ally, you are @Compendium[sfrpg.conditions.H51jmhxF9XuwDOE7]{Stable}.</p>\n<p style=\"text-align: justify;\">You are no longer @Compendium[sfrpg.conditions.4MxAK5uS0zMNWhUK]{Dying}, but you are still unconscious.</p>"
		},
		"Staggered": {
			"name": "Staggered",
			"description": "<p style=\"text-align: justify;\">&gt;@Compendium[sfrpg.rules.0yJjfyvWg5pDLcVR]{Conditions}</p>\n<hr />\n<p style=\"text-align: justify;\">You can take a single move action or standard action each round, but not both, nor can you take full actions. You can still take swift actions, but not reactions.</p>"
		},
		"Stunned": {
			"name": "Stunned",
			"description": "<p style=\"text-align: justify;\">&gt;@Compendium[sfrpg.rules.0yJjfyvWg5pDLcVR]{Conditions}</p>\n<hr />\n<p>You drop everything you are holding, you can&rsquo;t take actions, and you are @Compendium[sfrpg.conditions.MZ8OoH1GE9qDMyCD]{Flat-Footed}.</p>"
		},
		"Unconscious": {
			"name": "Unconscious",
			"description": "<p style=\"text-align: justify;\">&gt;@Compendium[sfrpg.rules.0yJjfyvWg5pDLcVR]{Conditions}</p>\n<p style=\"text-align: justify;\">&gt;@Compendium[sfrpg.conditions.4MxAK5uS0zMNWhUK]{Dying} + @Compendium[sfrpg.conditions.H51jmhxF9XuwDOE7]{Stable} + @Compendium[sfrpg.conditions.nEJIWMKbPjqKuelo]{Dead}</p>\n<hr />\n<p>You are knocked out and @Compendium[sfrpg.conditions.RxvbSB9ZgSCBu2jw]{Helpless}.</p>\n<p>Unconsciousness can result from having 0 Hit Points.</p>"
		}
	}
}