{
	"label": "Starship Actions",
	"entries": {
		"Activate ECM": {
			"name": "Activate ECM",
			"description": "<h2>Normal effect</h2><p>You can activate one of your starship’s ECM modules. If you use an ECM module mounted on a turret, you can target a ship in any arc.</p><h2>Critical effect</h2><p>Your powerful ECM module disrupts enemy targeting computers. Gunners aboard the target starship also take a –2 penalty to gunnery checks during this round.</p>"
		},
		"Audacious Gambit": {
			"name": "Audacious Gambit",
			"description": "<h2>Normal effect</h2><p>If you have at least 12 ranks in Piloting, you can spend 1 Resolve Point and attempt a Piloting check (DC = 20 + 1-1/2 × your starship’s tier) to pull off complex maneuvers. You can move your starship up to its speed, treating its distance between turns as if it were 2 lower (minimum 0). You can also fly through hexes occupied by enemy vessels without provoking free attacks. At the end of your starship’s movement, you can rotate your starship to face in any direction. If you fail the check, you instead move as if you had taken the fly action (but still lose the Resolve Point).</p><h2>Critical effect</h2><p>Your incredible maneuvering leaves enemy gunners confounded. You gain a +4 circumstance bonus to your ship’s AC and TL until the start of the next round.</p>"
		},
		"Balance": {
			"name": "Balance",
			"description": "<h2>Normal effect</h2><p>You can balance the shields, redirecting power from one quadrant to protect another. With a successful Computers check (DC = 10 + 1-1/2 × your starship’s tier), you can shift Shield Points (SP) from the shield in one quadrant to the shield in another quadrant, including to depleted shields (after rebalancing, every shield must have at least 10% of the total current SP). Alternatively, you can add up the SP from all the remaining shields and evenly distribute them to all four quadrants, putting any excess SP in the forward quadrant.</p><h2>Critical effect</h2><p>While rebalancing the shields, you discover latent power in the shield systems. Before redistributing the Shield Points, you increase the total Shield Points by 5% of the starship’s PCU rating, up to the shields’ maximum value.</p>"
		},
		"Broadside": {
			"name": "Broadside",
			"description": "<h2>Normal effect</h2><p>At 6th level, you can expend 1 Resolve Point to fire all of the starship weapons mounted in one arc (including turret-mounted weapons). Each weapon can target any vessel in that arc. All of these attacks are made with a –2 penalty.</p>"
		},
		"Demand": {
			"name": "Demand",
			"description": "<h2>Normal effect</h2><p>You can make a demand of a crew member to try to improve his performance. You grant a +4 bonus to one specific check by succeeding at an Intimidate check (DC = 15 + 1-1/2 times your starship’s tier). You must use this action before the associated check is rolled, and you can grant this bonus to an individual character only once per combat. Demand might result in negative consequences if used on NPCs, and you can’t make demands of yourself.</p><h2>Critical effect</h2><p>Your demand echoes throughout the starship. You can attempt the demand crew action with the targeted character one additional time during the current starship combat.</p>"
		},
		"Deploy Drone": {
			"name": "Deploy Drone",
			"description": "<h2>Normal effect</h2><p>You activate a starship weapon with the deployed special property, deploying a drone into a hex adjacent to your starship at the beginning of the next round.</p>"
		},
		"Divert": {
			"name": "Divert",
			"description": "<h2>Normal effect</h2><p>You can divert auxiliary power into one of your starship’s systems, giving it a boost. This requires a successful Engineering check (DC = 10 + 1-1/2 × your starship’s tier), and the results depend on where you decide to send this extra power. If you send it to the engines, your starship’s speed increases by 2 this round. If you send it to the science equipment, all science officers receive a +2 bonus to their crew actions this round. If you send it to the starship’s weapons, treat each damage die that rolls a 1 this round as having rolled a 2 instead. If you send it to the shields, restore an amount of Shield Points equal to 5% of the PCU rating of the starship’s power core (see page 296), up to the shields’ maximum value. You can distribute the restored Shield Points across the shields’ four quadrants as you see fit.</p><h2>Critical effect</h2><p>For a crucial moment, you far surpass the power core’s potential output. The results of a critical divert action depend on where you decided to send the extra power.<br/>Engines: You also divert power to the maneuvering thrusters, lowering the turn value of your starship by 1 this round.<br/>Science Equipment: You’re able to divert power in an efficient and balanced way. Science officers can roll their checks twice this round and use the better result.<br/>Shields: You’re able to efficiently route energy to the shields, doubling the number of Shield Points restored to 10% of the PCU rating of the starship’s power core. If this would restore the shields over their maximum value, these excess Shield Points remain until the beginning of the next engineering phase, at which point any excess Shield Points are lost.<br/>Starship Weapons: The augmented weapons run at maximum safe power. For your starship’s weapons, treat each damage die roll that results in a 1 this round as having rolled the die’s maximum result instead.</p>"
		},
		"Eldritch Shot": {
			"name": "Eldritch Shot",
			"description": "<h2>Normal effect</h2><p>You augment a starship weapon with a burst of your personal magic in much the same way that weapon fusions augment personal-scale weapons. Such an effort is considerable, and the magic lasts for only a single attack before it fizzles and the starship weapon returns to its normal functionality. Choose one weapon on your starship to augment and attempt a Mysticism check (DC = 10 + 1-1/2 × your starship’s tier). If you succeed, the gunner treats the range of that weapon as 5 hexes longer than normal. This does not work for weapons with the point special property.</p><h2>Critical effect</h2><p>Your magical energy also augments the damage of your selected weapon’s next attack. On that attack roll, the gunner can treat each damage die roll that results in a 1 this round as having rolled a 2 instead.</p>"
		},
		"Encourage": {
			"name": "Encourage",
			"description": "<h2>Normal effect</h2><p>You can encourage another member of the crew to give her a bonus to her action. This works like aid another (see page 133), granting a +2 bonus to the check required by a crew action if you succeed at a DC 10 check using the same skill. Alternatively, you can grant this same bonus by succeeding at a DC 15 Diplomacy check. You can’t encourage yourself.</p><h2>Critical effect</h2><p>You’re able to select just the right motivation for your crew, increasing the bonus you grant to your crew members’ actions to +4.</p>"
		},
		"Erratic Maneuvering": {
			"name": "Erratic Maneuvering",
			"description": "<h2>Normal effect</h2><p>You trigger minor maneuvering thrusters, probe launchers, ballast vents, and other secondary systems at random to cause your starship to make small, unexpected jukes in its trajectory. This does not affect the starship’s facing or movement, but it grants a +1 circumstance bonus to your starship’s AC and TL against any opponent that performs the flyby stunt this round.</p>"
		},
		"Feign Disaster": {
			"name": "Feign Disaster",
			"description": "<h2>Normal effect</h2><p>As a ploy, you can activate fake distress calls, set off false internal alarms, artificially blow outer doors of airlocks, dump trash and other debris from your ship’s jettison tubes, and intentionally leak panicked-sounding internal communications over public communication channels to convince your opponents that your ship has suffered a catastrophic failure and may imminently explode or otherwise cease functioning in a violent, spectacular manner. Each enemy vessel’s captain (or the science officer with the highest Computers skill bonus, if the ship has no captain) must attempt a Computers check (DC = 10 + 1-1/2 × your starship’s tier) immediately after you take this action; this doesn’t take them an action. On a successful check, the enemy ship’s crew sees through your ruse and this action has no effect, but on a failed check, their crews automatically take steps to ensure that their own ship’s sensors are not blinded by the energy released by your ship’s theoretical imminent destruction. These emergency procedures impose a –2 penalty on their checks for scan and lock on actions taken against your ship, as well as on Piloting checks attempted while within 1 hex of your starship. Once used, regardless of the outcome, feign disaster can’t be used again during the same combat encounter, even against different opponents or newcomers to the battlefield.</p>"
		},
		"Fire At Will": {
			"name": "Fire At Will",
			"description": "<h2>Normal effect</h2><p>You can fire any two starship weapons, regardless of their arc. Each attack is made at a –4 penalty.</p>"
		},
		"Fly": {
			"name": "Fly",
			"description": "<h2>Normal effect</h2><p>You move your starship up to its speed and can make any turns allowed by its maneuverability. This doesn’t require a skill check.</p>"
		},
		"Full Power": {
			"name": "Full Power",
			"description": "<h2>Normal effect</h2><p>If you have at least 6 ranks in Piloting, you can spend 1 Resolve Point to move your starship up to 1-1/2 times its speed. You can make turns during this movement, but you add 2 to your starship’s distance between turns.</p><h2>Critical effect</h2><p>You maintain steady control over your starship during its movement and add only 1 to your starship’s distance between turns.</p>"
		},
		"Glide": {
			"name": "Glide",
			"description": "<h2>Normal effect</h2><p>You move the starship at half its normal speed. The starship can take turns during this movement, but the starship’s distance between turns increases by 2. You can add your ranks in the Piloting skill to the starship’s AC and TL for this round. You can only take this action if no other pilot actions have been taken during the helm phase (including glide).</p>"
		},
		"Hard Turn": {
			"name": "Hard Turn",
			"description": "<h2>Normal effect</h2><p>You manually adjust additional thrusters and bypass safety systems, shouting for your fellow crew members to brace themselves for a stomach-turning tactical maneuver. This bit of risky co-piloting might overtax the starship’s turn radius, but it can also help the pilot get significantly more maneuverability out of the vessel when the crew finds itself in a lurch. Attempt an Acrobatics or Athletics check (DC = 10 + 1-1/2 × your starship’s tier). If you succeed, the pilot can make one turn during the round as though the maneuverability of the starship were improved by one step. This has no effect on a ship with perfect maneuverability. If you fail your check by 10 or more, you overheat and temporarily degrade the effectiveness of the starship’s maneuvering thrusters, causing the ship’s maneuverability to worsen by one step for the rest of this round.</p><h2>Critical effect</h2><p>You’re able to keep up with the pilot’s needs, applying changes with perfect precision. You improve the maneuverability of the ship by one step until the start of the next round.</p>"
		},
		"Harrying Shot": {
			"name": "Harrying Shot",
			"description": "<h2>Normal effect</h2><p>You fire at an opponent to apply pressure and create an opening for one of your allies. If you succeed at a gunnery check (DC = 10 + the enemy pilot’s ranks in Piloting), your next ally who fires a starship weapon at that foe before the end of the round rolls their gunnery check twice and uses the better result. If the target starship has no one acting in the pilot role and didn’t take the glide minor crew action during its last turn, the DC for this gunnery check is 10.<br/><br/>At 6th level, you can spend 1 Resolve Point before attempting a harrying shot. If your gunnery check exceeds the target’s AC (for direct fire weapons) or TL (for tracking weapons) by 4 or more, you also hit and deal damage to the target with the weapon.</p>"
		},
		"Hold It Together": {
			"name": "Hold It Together",
			"description": "<h2>Normal effect</h2><p>You can hold one system together by constantly patching and modifying it. If you succeed at an Engineering check (DC = 15 + 1-1/2 × your starship’s tier), you can select one system; that system is treated as if its critical damage condition were two steps less severe for the rest of the round (wrecked becomes glitching, and a malfunctioning or glitching system functions as if it had taken no critical damage). This check isn’t modified by penalties from critical damage to the power core.</p><h2>Critical effect</h2><p>Thanks to your inspired repairs, the system you worked on is treated as if its critical damage condition were two steps less severe (wrecked becomes glitching, whereas malfunctioning or glitching become undamaged) for 1d4 rounds.</p>"
		},
		"Improve Countermeasures": {
			"name": "Improve Countermeasures",
			"description": "<h2>Normal effect</h2><p>If you have at least 12 ranks in Computers, you can try to foil enemy targeting arrays and incoming projectiles by spending 1 Resolve Point and attempting a Computers check. The DC equals 5 + 1-1/2 × the tier of the target starship + its bonus from defensive countermeasures (see page 298). If you’re successful, gunners aboard the target starship roll twice and take the worse result for gunnery checks during this round (including checks for tracking weapons).</p><h2>Critical effect</h2><p>Your powerful countermeasures send false signals to the enemy targeting systems. Gunners aboard the target starship also take a –2 penalty to gunnery checks during this round.</p>"
		},
		"Insidious Electronics": {
			"name": "Insidious Electronics",
			"description": "<h2>Normal effect</h2><p>At 6th level, you can spend 1 Resolve Point to activate any one of your ECM modules that targets a starship. If you succeed, you gain the benefits of either the scan (one piece of information) or target system science officer action, in addition to the effects of the ECM module.</p><h2>Critical effect</h2><p>Your electronic attack triggers devastating side effects on the target starship. You also gain the critical effect of either the activate ECM, scan, or target system science officer action (your choice).</p>"
		},
		"Lay Mines": {
			"name": "Lay Mines",
			"description": "<h2>Normal effect</h2><p>You activate one of your ship’s weapons with the mine special property and place a number of mines up to the value listed with this special property. Each mine must occupy a different hex through which your starship traveled during its movement this round. Any of the listed number of mines not deployed with this action are wasted. You must use this action before the pilot begins moving the starship during the helm phase.</p>"
		},
		"Lead Boarding Party": {
			"name": "Lead Boarding Party",
			"description": "<h2>Normal effect</h2><p>You accompany a boarding party, granting it a major advantage. Add an insight bonus equal to your key ability score’s modifier to the boarding party’s boarding attack modifier. If the boarding attack succeeds, you can choose which system takes critical damage.</p><h2>Critical effect</h2><p>Your assault team inflicts devastating damage to a nearby system. You inflict critical damage to an additional starship system, determined randomly.</p>"
		},
		"Lock On": {
			"name": "Lock On",
			"description": "<h2>Normal effect</h2><p>If you have at least 6 ranks in Computers, you can lock your starship’s targeting system on to one enemy vessel. You must spend 1 Resolve Point and attempt a Computers check. The DC equals 5 + 1-1/2 × the tier of the target starship + its bonus from defensive countermeasures (see page 298). If you succeed, your starship’s gunners gain a +2 bonus to gunnery checks against the target for the rest of the round. This action can be taken only once per round.</p><h2>Critical effect</h2><p>Your weapon lock greatly improves your gunners’ accuracy. Until the start of the next round, any attacks by your starship score a critical hit on a natural roll of 19 or 20.</p>"
		},
		"Maintenance Panel Access": {
			"name": "Maintenance Panel Access",
			"description": "<h2>Normal effect</h2><p>You start ripping open access panels, turning secured valves, and manually bypassing safety systems to help the engineer get more out of their systems when they take the divert or overpower action. Attempt an Acrobatics or Athletics check (DC = 10 + 1-1/2 × your starship’s tier). If you succeed and the engineer also succeeds at their check to divert, they can provide the normal benefit from divert to two different systems instead of only one. If the engineer instead succeeds at their check for the overpower action, they can choose four different systems to divert power to instead of three. In either case, no system can benefit twice from the same action.<br/>If you fail your check by 10 or more, you overtax the ship’s systems without adding any useful capacity, and all engineer actions performed this turn take a –2 penalty.</p><h2>Critical effect</h2><p>Your assistance gives the engineer more time to perform their action. The next time an engineer attempts an Engineering check to divert power, they can roll twice and take the better result.</p>"
		},
		"Maneuver": {
			"name": "Maneuver",
			"description": "<h2>Normal effect</h2><p>You move your starship up to its speed. You can also attempt a Piloting check (DC = 15 + 1-1/2 × your starship’s tier) to reduce your starship’s distance between turns by 1 (to a minimum of 0).</p><h2>Critical effect</h2><p>Fancy flying keeps you safe through incoming fire. You gain the effects of a successful evade stunt until the start of the next round.</p>"
		},
		"Manual Realignment": {
			"name": "Manual Realignment",
			"description": "<h2>Normal effect</h2><p>Manual realignment of the ship’s sensors to better focus on an opposing starship can help the science officer get better results when using the ship’s sensors to glean information about the other vessel. Attempt an Acrobatics or Athletics check (DC = 10 + 1-1/2 × your starship’s tier). If you succeed and the science officer also succeeds at their check to perform the scan action, they receive one additional piece of information, as though their result were 5 higher. If you fail the check by 10 or more, you knock the sensors out of alignment altogether, and no check to scan can be attempted this round as the system recalibrate.</p><h2>Critical effect</h2><p>Your assistance makes the science officer’s scan easier to perform. The next time a science officer attempts a Computers check to scan, they can roll twice and take the better result.</p>"
		},
		"Maximize Speed": {
			"name": "Maximize Speed",
			"description": "<h2>Normal effect</h2><p>If you have at least 12 ranks in Acrobatics or Athletics, you can help the pilot get the most speed possible out of your ship, pushing the engines to their limit. This requires spending 1 Resolve Point and succeeding at an Acrobatics or Athletics check (DC = 20 + 1-1/2 × your starship’s tier), at which point the speed of your starship increases by 2 for this round. This increase is cumulative with other increases to speed, such as from the engineer diverting power to the engines.</p><h2>Critical effect</h2><p>You’re able to maintain the engines for longer. The speed of your starship increases by 2 until the end of the next round.</p>"
		},
		"Moving Speech": {
			"name": "Moving Speech",
			"description": "<h2>Normal effect</h2><p>At 12th level, you can spend 1 Resolve Point and use your action to give a moving speech to the crew during one phase of combat with a successful Diplomacy check (DC = 20 + 1-1/2 × your starship’s tier). For the remainder of that phase, your allies can roll twice and take the better result when performing crew actions.</p><h2>Critical effect</h2><p>The crew is so motivated by your speech that they also gain a +2 bonus to all checks that phase, as if you had successfully used the encourage action to aid them.</p>"
		},
		"Mystic Haze": {
			"name": "Mystic Haze",
			"description": "<h2>Normal effect</h2><p>If you have at least 6 ranks in Mysticism, you can spend 1 Resolve Point and attempt a Mysticism check (DC = 15 + 1-1/2 × your starship’s tier); if you succeed, you call forth a magical burst of static to block your enemy’s view. This obscuring field garbles your opponent’s sensors and hinders their ability to gain information about your ship’s defenses and positioning, providing your starship a +1 enhancement bonus to AC until the end of the next round. In addition, the increased interference means all science officers on the opposing starship taking the scan or lock on actions before the end of the next round must roll twice for their checks and use the worse result.</p><h2>Critical effect</h2><p>Your conjured haze is especially powerful. The granted enhancement bonus to AC increases to +2 and also affects your starship’s TL.</p>"
		},
		"Orders": {
			"name": "Orders",
			"description": "<h2>Normal effect</h2><p>At 6th level, you can grant an additional action to one member of the crew by spending 1 Resolve Point and succeeding at a difficult skill check at the beginning of the phase in which the crew member would normally act. The type of check depends on the role of the crew member targeted: a Computers check for a science officer, an Engineering check for an engineer, a gunnery check (see page 320) for a gunner, and a Piloting check for a pilot. The DC of this check is equal to 15 + 1-1/2 × your starship’s tier. If the check succeeds, the crew member can take two actions in her role this round (both when she would normally act), but she can’t take the same action twice. You can’t give yourself orders.</p><h2>Critical effect</h2><p>You orders flow so naturally that you can take one additional captain crew action this turn.</p>"
		},
		"Overpower": {
			"name": "Overpower",
			"description": "<h2>Normal effect</h2><p>If you have at least 6 ranks in Engineering, you can spend 1 Resolve Point and attempt an Engineering check (DC = 15 + 1-1/2 × your starship’s tier) to squeeze more out of your ship’s systems. If you’re successful, this functions as the divert action, but you can send extra power to any three systems listed in that action. This action and the divert action can’t be taken in the same round.</p><h2>Critical effect</h2><p>Choose one of the three systems to which you diverted extra power. One of those systems also receives the critical effect benefit of the divert action.</p>"
		},
		"Patch": {
			"name": "Patch",
			"description": "<h2>Normal effect</h2><p>You can patch a system to reduce the effects of a critical damage condition. The number of actions and the DC of the Engineering check required to patch a system depend on how badly the system is damaged, as indicated on the table on page 324. Multiple engineers can pool their actions in a single round to effect repairs more quickly, but each engineer must succeed at her Engineering check to contribute her action to the patch. The number of actions required can be reduced by 1 (to a minimum of 1 action) by increasing the DC by 5. If you succeed at this check, the severity of the critical damage is unchanged, but it is treated as one step less severe for the remainder of the combat, until 1 hour has passed, or until the system takes critical damage again (which removes the patch and applies the new severity). This action can be taken more than once per round, and this check is not modified by any critical damage to the core.<table class='inner'> <tbody><tr><td><b>Critical Damage Condition</b></td><td><b>Actions to Patch</b></td><td><b>DC</b></td></tr> <tr><td>Glitching</td><td>1</td><td>10 + 1-1/2 times your starship’s tier</td></tr> <tr><td>Malfunctioning</td><td>2</td><td>15 + 1-1/2 times your starship’s tier</td></tr> <tr><td>Wrecked</td><td>3</td><td>20 + 1-1/2 times your starship’s tier</td></tr></tbody></table></p><h2>Critical effect</h2><p>Your patch was especially robust. If the system takes critical damage again, it removes the patch but doesn’t also apply additional critical damage.</p>"
		},
		"Precise Targeting": {
			"name": "Precise Targeting",
			"description": "<h2>Normal effect</h2><p>At 12th level, you can perform a very precise strike by spending 1 Resolve Point and firing one starship weapon at a single target. If the attack hits and the enemy ship’s shields on that quadrant are depleted before your attack, you deal critical damage to a random system. If the attack would normally cause critical damage, the normal critical damage applies as well (meaning your attack could potentially deal critical damage multiple times; determine which system is damaged as normal each time).</p>"
		},
		"Precognition": {
			"name": "Precognition",
			"description": "<h2>Normal effect</h2><p>You use your supernatural senses and a spark of divination magic to see opponents’ motion before it happens, giving you just a split second to shout a warning to your ship’s pilot. Attempt a Mysticism check (DC = 10 + 1-1/2 × your starship’s tier). On a success, you grant the pilot a +2 circumstance bonus to their Piloting check at the beginning of the helm phase to determine piloting order.</p><h2>Critical effect</h2><p>Your precise senses give you detailed information about your opponents’ next move. Increase the circumstance bonus to the Piloting check to +4.</p>"
		},
		"Prioritize Calculation": {
			"name": "Prioritize Calculation",
			"description": "<h2>Normal effect</h2><p>You use a command terminal to temporarily suspend background computer tasks running noncritical systems throughout the ship, prioritizing the combat calculations made at one specific crew station. One crew member attempting a check this round and using a bonus from the ship’s computer can increase that bonus by 1.</p>"
		},
		"Psychic Currents": {
			"name": "Psychic Currents",
			"description": "<h2>Normal effect</h2><p>If you have at least 12 ranks in Mysticism, you can spend 1 Resolve Point and attempt a Mysticism check (DC = 20 + 1-1/2 × your starship’s tier) to manipulate mysterious, invisible forces in the void of space, expanding and contracting the basic physics around your own vessel and altering how your starship can negotiate the confines of physical space-time. On a successful check, reduce your starship’s minimum distance between turns by 1 (to a minimum of 0) for that round.</p><h2>Critical effect</h2><p>You manipulate the currents to push your starship along, increasing its speed by 2 until the start of the next turn.</p>"
		},
		"Quick Fix": {
			"name": "Quick Fix",
			"description": "<h2>Normal effect</h2><p>If you have at least 12 ranks in Engineering, you can try to repair a system quickly by spending 1 Resolve Point and attempting an Engineering check (DC = 20 + 1-1/2 × your starship’s tier). If successful, you remove the critical damage condition from one system for 1 hour (allowing it to function as if it had taken no critical damage), after which time it must be repaired as normal.</p><h2>Critical effect</h2><p>Your inspired engineering results in a lasting repair, removing the critical damage condition from the system for 1 day instead of for 1 hour.</p>"
		},
		"Quick Rescan": {
			"name": "Quick Rescan",
			"description": "<h2>Normal effect</h2><p>You quickly check the sensors to see minor changes and updates that your starship has made available since the last time your crew scanned the your opponent’s starship. A science officer must have used the scan action in a previous round to determine information about the other starship you are looking for updates on. If you succeed at a Computers check (DC = 5 + 1-1/2 × the tier of the starship being scanned + its bonus from defensive countermeasures), you receive one piece of information, such as the ship’s current Hull Points or its current distribution of Shield Points. You can take this action only if no science officer actions have been taken during the helm phase (including visual identification and quick rescan).</p>"
		},
		"Range Finding": {
			"name": "Range Finding",
			"description": "<h2>Normal effect</h2><p>You use any one of a number of your ship’s systems to identify the range to a specific target or spatial feature, and you relay that information to another crew member so that they are free to focus on other aspects of the task they’re attempting this round. Select one crew member filling the gunner, pilot, or science officer role. They gain +1 bonus to one attack roll or skill check of their choice related to starship combat that’s attempted before the end of this turn.</p>"
		},
		"Rapid Jam": {
			"name": "Rapid Jam",
			"description": "<h2>Normal effect</h2><p>You can activate any two of your starship’s ECM modules, regardless of their arc. Each check attempted with these modules this round takes a –4 penalty.</p><h2>Critical effect</h2><p>Your powerful ECM module disrupts enemy targeting computers. Gunners aboard the target starship also take a –2 penalty to gunnery checks during this round.</p>"
		},
		"Ready Weapon System": {
			"name": "Ready Weapon System",
			"description": "<h2>Normal effect</h2><p>You carefully perform comprehensive pre-firing preparations for one weapon, reading each minute detail of its systems and giving the ship’s computers time to calculate the peak moment to fire the weapon so it can deal the maximum amount of damage to your opponents’ ship. While normally no one has the time or capacity to perform these tasks in the heat of battle, you know they can be invaluable when focused on properly. Select one weapon system when you perform this task. If that weapon is not fired this round but is fired on the next round after you have readied it, it deals +1 damage on a successful attack (+2 damage for starships of tier 6 and greater).</p>"
		},
		"Recall Beacon": {
			"name": "Recall Beacon",
			"description": "<h2>Normal effect</h2><p>You configure your starship’s coordinates to one of your starship’s active warp pucks. If you succeed at a Computers check (DC = 15 + 1-1/2 × your starship’s tier) before your starship’s movement for the round, your starship instantly moves to the warp puck’s hex while maintaining its facing. For every 5 by which you exceed the check, you can either increase your starship’s size modifier by 1 for the purpose of determining the maximum distance your starship can teleport to the puck, or you can turn your starship once. If you attempt to teleport your starship to a warp puck that is beyond the module’s maximum range, your starship does not move and the puck is destroyed.</p><h2>Critical effect</h2><p>You coordinate your starship’s teleportation flawlessly. Upon moving to the warp puck’s hex, your starship can turn to face any direction before starting to move.</p>"
		},
		"Scan": {
			"name": "Scan",
			"description": "<h2>Normal effect</h2><p>You can scan a starship with your sensors to learn information about it. This action requires your starship to have sensors (see page 300). You must attempt a Computers check, applying any modifiers from the starship’s sensors. You can attempt this check untrained. The DC for this check is equal to 5 + 1-1/2 × the tier of the starship being scanned + its bonus from defensive countermeasures (see page 298). If you succeed at this check, you learn the first unknown piece of information on the following list. For every 5 by which you exceed the check, you learn another unknown piece of information. Subsequent checks reveal new pieces of information, continuing down this list.<br/><br/>1. Basic Information: Living crew complement and ship classification, size, speed, and maneuverability.<br/>2. Defenses: AC, TL, total and current Hull Points, total and current Shield Points in each quadrant, and core PCU value.<br/>3. Weapon: Information about one weapon, including its firing arc and the damage it deals, starting with the weapon that uses the most PCU. Repeat this entry until all the starship’s weapons are revealed.<br/>4. Load: Information about how the starship’s expansion bays are allocated and any cargo the starship might be carrying.<br/>5. Other: Any remaining ship statistics.</p><h2>Critical effect</h2><p>Your insightful scans reveal a weakness in a random quadrant of the targeted starship. The next time one of your starship’s weapons deals damage to the targeted starship’s Hull Points, it has a 25% chance to also deal critical damage to a random system.</p>"
		},
		"Scrying": {
			"name": "Scrying",
			"description": "<h2>Normal effect</h2><p>You employ a substantial form of divination, such as dealing from a digital harrow deck, reading the future by interpreting the splatter of leaking coolant on your ship, or visually scanning the readouts of your starship’s myriad screens to pull deeper and predictive meaning from the lights and sounds around you. This functions as the scan science officer action, but you attempt a Mysticism check instead of a Computers check. For information about the effects of a successful scan action, see @Compendium[sfrpg.starship-actions.wOZ9xGH2l1S5lQ9g].</p><h2>Critical effect</h2><p>Your divination reveals a weakness in a random quadrant of the targeted starship. The next time one of your starship’s weapons deals damage to the targeted starship’s Hull Points, it has a 25% chance to also deal critical damage to a random system.</p>"
		},
		"Shoot": {
			"name": "Shoot",
			"description": "<h2>Normal effect</h2><p>You can fire one of your starship’s weapons. If you use a turret weapon, you can target a ship in any arc.</p>"
		},
		"Snap Shot": {
			"name": "Snap Shot",
			"description": "<h2>Normal effect</h2><p>You can fire one of your starship’s weapons with a –2 penalty to the gunnery check. You can take this action only if no other gunner actions have been taken during the gunnery phase (including snap shot).</p>"
		},
		"Stunt": {
			"name": "Stunt",
			"description": "<h2>Normal effect</h2><p>You can attempt any one of the stunts described on page 319. The DCs of the Piloting checks required and the results of success and failure are described in each stunt’s description.</p><h2>Critical effect</h2><p>The results of a critical stunt action depend on the stunt being attempted.<br/>Back Off: Your starship can move up to its full speed and make turns as normal for its maneuverability rating.<br/>Barrel Roll: The sudden roll makes it difficult to target your starship. You also gain the effects of a successful evade stunt until the start of the next round.<br/>Evade: You successfully anticipate your enemy’s firing patterns. The stunt’s circumstance bonus to your starship’s AC and TL increases to +4.<br/>Flip and Burn: With a flawlessly executed stunt, your starship can move up to its full speed (without turning) and rotate 180 degrees to face the aft edge at the end of the movement.<br/>Flyby: You line up the shot perfectly. The gunner gains a +2 circumstance bonus to the gunnery check affected by this stunt.<br/>Ramming Speed: You fly your ship fast and true. You gain a +2 circumstance bonus to the gunnery check to ram the target, and if you succeed, you deal additional damage to the target equal to your starship’s tier.<br/>Slide: You slide and rotate your starship simultaneously. At the end of the stunt’s movement, your starship can turn once.</p>"
		},
		"Subdue Boarding Party": {
			"name": "Subdue Boarding Party",
			"description": "<h2>Normal effect</h2><p>You personally lead your starship’s crew in thwarting a boarding party. Either add an insight bonus equal to your key ability score modifier to your starship’s BR against one boarding attack attempted this round, or add half that bonus (rounded down) to the BR against all such boarding attacks this round.</p>"
		},
		"Swift Kick": {
			"name": "Swift Kick",
			"description": "<h2>Normal effect</h2><p>With swift, physical encouragement, you can force a failing system to ignore its recent damage. If you succeed at an Engineering check (DC = 15 + 1-1/2 × your starship’s tier), you can select one system; that system is treated as if its critical damage condition were one step less severe for the rest of the round (wrecked becomes malfunctioning, malfunctioning becomes glitching, and a glitching system functions as if it had taken no critical damage). This check isn’t modified by penalties from critical damage to the power core; however, you can’t affect a particular system with the swift kick action more than once per combat.</p>"
		},
		"Target System": {
			"name": "Target System",
			"description": "<h2>Normal effect</h2><p>You can use your starship’s sensors to target a specific system on an enemy starship. This action requires your starship to have sensors. You must attempt a Computers check, applying any modifiers from the starship’s sensors. The DC equals 5 + 1-1/2 × the tier of the enemy starship + its bonus from defensive countermeasures (see page 298). If you succeed, choose one system (core, engines, life support, sensors, or weapons). The next attack made by your starship that hits the enemy ship scores a critical hit on a natural roll of 19 or 20. If that attack deals critical damage, it affects the chosen system. For any further critical damage resulting from the attack, determine which system is affected randomly as normal. Your starship’s sensors can target only one system on a specific enemy starship at a time, though this action can be used to concurrently target systems on multiple starships.</p><h2>Critical effect</h2><p>Your sensors keep a continuous lock on the enemy starship. The effects of target system last until the start of the next round.</p>"
		},
		"Targeting Aid": {
			"name": "Targeting Aid",
			"description": "<h2>Normal effect</h2><p>If you have at least 6 ranks in Acrobatics or Athletics, you can assist one specific gunner making an attack by inputting secondary sensor information, bypassing safety protocols, and even monitoring and adjusting power fluctuations in a ship’s weapon system to make the ship’s physical weapons more accurate. You must spend 1 Resolve Point and attempt either an Acrobatics or Athletics check (DC = 15 + 1-1/2 × your starship’s tier). One gunner can then take the fire at will or broadside action without the associated penalty to gunnery checks (normally –4 for fire at will and –2 for broadside). If you fail the check by 10 or more, that gunner instead takes a –2 penalty to attack rolls they make this round. This action can be taken more than once per round, but only once per gunner acting in that round.</p><h2>Critical effect</h2><p>You’re able to provide targeting information to all gunners about one specific ship. Choose an enemy starship; all gunners on your starship gain the benefits of the targeting aid crew action for attacks targeting that starship.</p>"
		},
		"Taunt": {
			"name": "Taunt",
			"description": "<h2>Normal effect</h2><p>You can use the communications system to broadcast a taunting message to the enemy vessel. You select an enemy vessel and a phase of combat (engineering, helm, or gunnery), and then attempt a Bluff or Intimidate check (DC = 15 + 1-1/2 × the enemy starship’s tier). If you are successful, each enemy character acting during the selected phase takes a –2 penalty to all checks for 1d4 rounds; the penalty increases to –4 if the enemy’s check is made as part of a push action. Once used against an enemy starship, regardless of the outcome, taunt can’t be used against that starship again during the same combat.</p><h2>Critical effect</h2><p>Your strong words push just the right buttons. The penalty your taunt action applies to an enemy ship continues through all three phases of combat instead of just one.</p>"
		},
		"Visual Identification": {
			"name": "Visual Identification",
			"description": "<h2>Normal effect</h2><p>You use your ship’s visual sensors to get a much closer look at an opponent’s starship and see if you recognize the technology used to make the ship or if you remember some specific technical details of its make and model. Attempt a Computers, Engineering, or Perception check (DC = 10 + 1-1/2 × the tier of the starship being examined). If you succeed, you learn the first unknown piece of information on the list below (all basic information, all defenses, or information about one weapon). Information already obtained from a science officer’s scan action or a quick rescan minor action is not unknown. You learn only one unknown piece of information, regardless of your total check result. Subsequent successful checks reveal new pieces of information, continuing down the list below.<br/>Basic Information: Size, speed, and maneuverability.<br/>Defenses: Total Hull Points, total Shield Points, and power core PCU value.<br/>Weapon: Information about one weapon, including its firing arc and the damage it deals, selected at random. Repeat this entry until all the starship’s weapons are revealed. You can take this action only if no science officer actions have been taken during the helm phase (including visual identification and quick rescan).</p>"
		}
	}
}