{
	"label": "Universal Creature Rules",
	"entries": {
		"Alien Presence (Ex or Su)": {
			"name": "Alien Presence (Ex or Su)",
			"description": "<p>The creature&rsquo;s mere presence can have deleterious effects for those nearby. It can activate this ability as part of the action of making an attack or as a move action, but it can activate it only once per round. It usually has a range of 30 feet. This aura functions as @Compendium[sfrpg.universal-creature-rules.iX7wX2fqqXc1qnDb]{Frightful Presence} (see page 150), but instead of imposing the @Compendium[sfrpg.conditions.nywSVEeDvp1bk7L3]{Shaken} condition on creatures that fail their Will saves, it imposes the listed condition. The duration is 5d6 rounds unless the ability says otherwise. Once an opponent has been exposed to a creature&rsquo;s alien presence (whether or not the opponent succeeds at its saving throw), it cannot be affected by the same creature&rsquo;s alien presence for 24 hours. This is an @Compendium[sfrpg.rules.PqV3OCbUTyk2upPD]{Emotion}, @Compendium[sfrpg.rules.PqV3OCbUTyk2upPD]{Fear}, @Compendium[sfrpg.rules.PqV3OCbUTyk2upPD]{Mind-affecting}, and @Compendium[sfrpg.rules.PqV3OCbUTyk2upPD]{Sense-dependent} effect.</p>\n<p><em>Format</em>:&nbsp;<strong>Aura</strong> alien presence (240 ft., DC 25, sickened 2d4 rounds).</p>"
		},
		"Amorphous (Ex)": {
			"name": "Amorphous (Ex)",
			"description": "<p>The creature&rsquo;s body is malleable and shapeless. It does not take double damage from critical hits, but it is affected by critical hit effects normally.</p>\n<p><span id=\"ctl00_MainContent_DataListRulesAll_ctl01_LabelName\"><em>Format</em>: <strong>Defensive Abilities</strong> amorphous.</span></p>"
		},
		"Amphibious (Ex)": {
			"name": "Amphibious (Ex)",
			"description": "<p>The creature has the aquatic subtype, but it can breathe air and survive on land.</p>\n<p><span id=\"ctl00_MainContent_DataListRulesAll_ctl02_LabelName\"><em>Format</em>: <strong>Other Abilities</strong> amphibious.</span></p>"
		},
		"Attach (Ex)": {
			"name": "Attach (Ex)",
			"description": "<p>The creature can attempt a special attack against KAC as a standard action. If it succeeds, it deals no damage, but it adheres to its target. Once attached, the creature gains a +4 bonus to its AC (from cover) and a +2 circumstance bonus to melee attacks, but it can attack only the creature to which it is attached. An attached creature can&rsquo;t move (though it moves with its target), take actions that require two hands, or make attacks of opportunity. An attached creature can be removed with a successful Strength check (DC = 10 + 1-1/2 &times; the creature&rsquo;s CR) made as a move action, or it can remove itself from its target as a move action.</p>\n<p><span id=\"ctl00_MainContent_DataListRulesAll_ctl03_LabelName\"><em>Format</em>: <strong>Melee</strong> attach +6.</span></p>"
		},
		"Aura (Ex, Sp, or Su)": {
			"name": "Aura (Ex, Sp, or Su)",
			"description": "<p>Unless an aura says otherwise, a target is affected by an aura automatically with no action required on the creature&rsquo;s part whenever the target is within the aura&rsquo;s listed range (either when the target enters the aura on its turn or when it begins its turn in the aura, whichever comes first). If the aura deals damage, it damages a target only the first time the target is in the aura each round, regardless of how many times within the round the target enters and leaves the aura. A creature can suppress its aura for 1 round as a move action unless noted otherwise.</p>\n<p><span id=\"ctl00_MainContent_DataListRulesAll_ctl04_LabelName\"><em>Format</em>: <strong>Aura</strong> radiation (30 ft., Fortitude DC 17); if additional information is needed, the aura also has an entry in Special Abiliti</span></p>"
		},
		"Blindsense (Ex)": {
			"name": "Blindsense (Ex)",
			"description": "<p>The creature has a specific imprecise nonvisual sense that operates effectively without vision. This specific sense is indicated in parentheses. For more information on blindsense, see page 262 of the Starfinder Core Rulebook.</p>\n<p><span id=\"ctl00_MainContent_DataListRulesAll_ctl05_LabelName\"><em>Format</em>: <strong>Senses</strong> blindsense (vibration) 60 ft.<br /><em>Guidelines</em>: Blindsense usually has a range of 60 feet.</span></p>"
		},
		"Blindsight (Ex)": {
			"name": "Blindsight (Ex)",
			"description": "<p>Blindsight is a more precise version of @Compendium[sfrpg.universal-creature-rules.c6EuAEYG1qEIv82D]{Blindsense}. This ability operates out to a specified range. A creature with blindsight typically perceives using a specific type of sense, indicated in parentheses. See page 262 of the Starfinder Core Rulebook for more information.</p>\n<p><span id=\"ctl00_MainContent_DataListRulesAll_ctl06_LabelName\"><em>Format</em>: <strong>Senses</strong> blindsight (life) 60 ft.<br /><em>Guidelines</em>: Blindsight usually has a range of 60 feet.</span></p>"
		},
		"Breath Weapon (Su)": {
			"name": "Breath Weapon (Su)",
			"description": "<p>Some creatures can exhale a cone or line of energy or another magical effect. A breath weapon attack usually deals damage, and it is often energy-based. A breath weapon usually allows a target to attempt a Reflex saving throw for half damage, though some breath weapons require a successful Fortitude or Will save instead. A creature is immune to its own breath weapon and the breath weapons of others of its kind unless otherwise noted. Each breath weapon also indicates how often it can be used.</p>\n<p><span id=\"ctl00_MainContent_DataListRulesAll_ctl07_LabelName\"><em>Format</em>: <strong>Offensive Abilities</strong> breath weapon (60-ft. cone, 8d6 F, Reflex DC 18 half, usable every 1d4 rounds); if the breath weapon has more complicated effects, it also has an entry in Special Abilities.</span></p>\n<p><span id=\"ctl00_MainContent_DataListRulesAll_ctl07_LabelName\"><em>Guidelines</em>: 1d6 damage + 1d6 per CR, usable once every 1d4 rounds. A cone is usually 30 feet long, increasing by 10 feet for every size category above Medium or decreasing by 5 feet for every size category below Medium. A line is twice as long as a cone would be.</span></p>"
		},
		"Change Shape (Su)": {
			"name": "Change Shape (Su)",
			"description": "<p>The creature has the ability to assume the appearance of a specific creature or type of creature, but it retains most of its own physical qualities. If the form assumed has any of the following abilities, the creature gains them while in that form: @Compendium[sfrpg.universal-creature-rules.4HvnYWLhFBiuvDxD]{Blindsight} (scent), @Compendium[sfrpg.universal-creature-rules.3Yg98sD5UymVymF9]{Darkvision}, @Compendium[sfrpg.universal-creature-rules.NRtNybzTZrVjbOYv]{Low Light Vision}, and swim 30 feet. The creature can retain its own breathing ability, or it can assume the ability to breathe in any environment the assumed shape can breathe in (including the no breath ability, which enables it to survive in the vacuum of space). If the ability does not specify what the creature can change shape into, it can assume the form of any creature of the humanoid type, but it can&rsquo;t mimic a specific humanoid. Change shape grants a +10 bonus to Disguise checks to appear as a creature of the type and subtype of the new form, and the DC of the creature&rsquo;s Disguise check is not modified as a result of altering major features or disguising itself as a different race or creature type.</p>\n<p>A creature can assume a form that is one size category smaller or larger than its original form; it becomes that size. Unless otherwise stated, it can remain in an alternate form indefinitely. Some creatures can transform into unique forms with special modifiers and abilities. These creatures adjust their ability scores, as noted in their description.</p>\n<p><span id=\"ctl00_MainContent_DataListRulesAll_ctl08_LabelName\"><em>Format</em>: <strong>Other Abilities</strong> change shape (humanoid); creatures with a unique form also have an entry in Special Abilities.</span></p>"
		},
		"Compression (Ex)": {
			"name": "Compression (Ex)",
			"description": "<p>The creature can move through an area as small as one-quarter of its space without squeezing or one-eighth its space when squeezing.</p>\n<p><span id=\"ctl00_MainContent_DataListRulesAll_ctl09_LabelName\"><em>Format</em>: <strong>Other Abilities</strong> compression.</span></p>"
		},
		"Construct Immunities (Ex)": {
			"name": "Construct Immunities (Ex)",
			"description": "<p>Constructs are immune to the following effects, unless the effect specifies that it works against constructs.</p>\n<ul>\n<li>\n<p>@Compendium[sfrpg.conditions.v9RNVTqyTyaPchvd]{Bleed}, @Compendium[sfrpg.rules.PqV3OCbUTyk2upPD]{Death effects}, @Compendium[sfrpg.rules.GnEF27Oot3zqTaBQ]{Disease}, @Compendium[sfrpg.rules.PqV3OCbUTyk2upPD]{Mind-affecting effects}, necromancy effects, @Compendium[sfrpg.conditions.NV4qXRDgb7zTNkW2]{Paralysis}, @Compendium[sfrpg.rules.aKqRtg165rAly1Cc]{Poison}, @Compendium[sfrpg.conditions.3iTdt2NRgIyrychR]{Sleep}, and @Compendium[sfrpg.conditions.CvsDp0GvojxiF2jz]{Stunning}.</p>\n</li>\n<li>\n<p>Ability damage, ability drain, energy drain, @Compendium[sfrpg.conditions.33ynSbmexuxC3cAQ]{Exhaustion}, @Compendium[sfrpg.conditions.JGFn4MrDZ6X5vrzU]{Fatigue}, negative levels, and nonlethal damage.</p>\n</li>\n<li>\n<p>Any effect that requires a Fortitude save (unless the effect works on objects or is harmless).</p>\n</li>\n</ul>\n<p><span id=\"ctl00_MainContent_DataListRulesAll_ctl10_LabelName\"><em>Format</em>: <strong>Immunities</strong> construct immunities.</span></p>"
		},
		"Create Darkness (Su)": {
			"name": "Create Darkness (Su)",
			"description": "<p>As a standard action, the creature can create a 20-foot-radius area of darkness centered on itself, which negates the effects of all nonmagical light sources in that area. This darkness lasts for a number of minutes equal to the creature&rsquo;s CR, and the creature can dismiss the effect as a standard action. The darkness doesn&rsquo;t move with the creature. Unless otherwise noted, any magic source of light can increase the light level in the area as normal.</p>\n<p><span id=\"ctl00_MainContent_DataListRulesAll_ctl11_LabelName\"><em>Format</em>: <strong>Offensive Abilities</strong> create darkness.</span></p>"
		},
		"Crush (Ex)": {
			"name": "Crush (Ex)",
			"description": "<p>When ending a flying or jumping movement, the creature can land on targets that are at least three size categories smaller than itself. Targets are automatically knocked @Compendium[sfrpg.conditions.XeRGqHVtcZ7vsgJ0]{Prone}, take the listed damage, and are @Compendium[sfrpg.conditions.XgK4EdO5D3Fj3iWz]{Pinned}. Each crushed target can attempt to escape the pin normally on its turn, and the pin ends automatically if the crushing creature moves off the target&rsquo;s square. A crushed target does not take damage from the crush more than once, unless the crushing creature moves fully off that creature and then back onto it.</p>\n<p><span id=\"ctl00_MainContent_DataListRulesAll_ctl12_LabelName\"><em>Format</em>: <strong>Offensive Abilities</strong> crush (4d6+8 B).<br /><em>Guidelines</em>: Use the same damage amount as for the creature&rsquo;s standard melee attack.</span></p>"
		},
		"Damage Reduction (DR)": {
			"name": "Damage Reduction (DR)",
			"description": "<p><span id=\"ctl00_MainContent_DetailedOutput\">Some creatures have the ability to instantly heal damage from attacks or ignore blows altogether; this is referred to as the damage reduction special ability. Damage reduction (DR) applies to kinetic damage&mdash;any bludgeoning, piercing, or slashing damage&mdash;that a character takes, regardless of that damage&rsquo;s source. It does not apply against damage with no damage type or any other damage type, including acid, cold, electricity, fire, or sonic, though these can be mitigated by energy resistance (see page 264).</span></p>\n<p><span id=\"ctl00_MainContent_DetailedOutput\">The numerical part of a creature&rsquo;s damage reduction is the amount of bludgeoning, piercing, and slashing damage the creature ignores from each attack. Weapons made from a certain material, magic weapons (any weapon with a weapon fusion; see page 191), and weapons imbued with a specific alignment often can overcome this reduction. This information is separated from the damage reduction number by a slash. For example, DR 5/cold iron means that you take 5 fewer damage from weapons that are not made from cold iron, DR 5/magic means you take 5 fewer damage from weapons that are not magic, and so on. If a dash follows the slash (&ldquo;DR 5/&mdash;&rdquo;), then the damage reduction is effective against bludgeoning, piercing, or slashing damage from any weapon, though some attacks have their own ability to overcome DR. Ammunition fired from a projectile weapon with a magic fusion or alignment is treated as a magic weapon or having the listed alignment for the purpose of overcoming damage reduction.</span></p>\n<p><span id=\"ctl00_MainContent_DetailedOutput\">Sometimes, multiple types of weapon materials or alignments are indicated after the value of DR, indicating that the damage reduction can be overcome in multiple ways or requires a specific combination of effects to be overcome. For example, DR 5/lawful or magic means any weapon that is of a lawful alignment or that is magic can overcome the damage reduction. In contrast, DR 5/lawful and magic means only weapons that are both of a lawful alignment and magic overcome the damage reduction.</span></p>\n<p><span id=\"ctl00_MainContent_DetailedOutput\">Whenever damage reduction completely negates the damage from an attack, it also negates most special effects that accompany the attack, such as an injury-based disease, an operative&rsquo;s debilitating trick, and poison delivered via an injury. Damage reduction does not negate ability damage, ability drain, energy damage dealt as part of an attack, or negative levels, nor does it affect poisons or diseases delivered by contact, ingestion, or inhalation. Attacks that deal no damage because of the target&rsquo;s damage reduction do not disrupt spells.</span></p>\n<p><span id=\"ctl00_MainContent_DetailedOutput\">If you have damage reduction from more than one source, the two forms of damage reduction do not stack unless the sources granting the damage reduction specifically note otherwise. Instead, you get the benefit of the best damage reduction in a given situation. Rarely, an effect specifies that it increases a creature&rsquo;s existing damage reduction.</span></p>\n<p><span id=\"ctl00_MainContent_DetailedOutput\">Sometimes damage reduction represents instant healing, while in other cases it reflects the creature&rsquo;s tough hide or body. In either case, you can see that a conventional attack hasn&rsquo;t been effective.</span></p>"
		},
		"Darkvision (Ex or Su)": {
			"name": "Darkvision (Ex or Su)",
			"description": "<p>The creature can see out to the listed range with no light source at all. See page 263 of the Starfinder Core Rulebook.</p>\n<p><span id=\"ctl00_MainContent_DataListRulesAll_ctl13_LabelName\"><em>Format</em>: <strong>Senses</strong> darkvision 60 ft.<br /><em>Guidelines</em>: Darkvision has a range of 60 feet for most creatures or 120 feet in exceptional cases.</span></p>"
		},
		"Dependency (Ex)": {
			"name": "Dependency (Ex)",
			"description": "<p>The creature is dependent on a substance, a sense, or something else to either survive or function normally. If the creature is dependent on something to live (such as water), it can survive without that thing for a number of minutes equal to 5 &times; its Constitution modifier. Beyond this limit, the creature runs the risk of negative effects, such as suffocation or death. A creature that is dependent on something to function normally (such as a creature with @Compendium[sfrpg.universal-creature-rules.4HvnYWLhFBiuvDxD]{Blindsight} and no visual sense) usually gains a negative condition when it loses that thing.</p>\n<p><span id=\"ctl00_MainContent_DataListRulesAll_ctl14_LabelName\"><em>Format</em>: <strong>Weaknesses </strong>blindsight dependency.</span></p>"
		},
		"Detect Alignment (Sp or Su)": {
			"name": "Detect Alignment (Sp or Su)",
			"description": "<p>The creature can detect the alignment of another creature. This functions as @Compendium[sfrpg.spells.kxx5x0JAgFuEQJAm]{Detect Magic}, but rather than determining which creatures and objects in the area are magical, the creature can determine one other creature&rsquo;s alignment.</p>\n<p><span id=\"ctl00_MainContent_DataListRulesAll_ctl15_LabelName\"><em>Format</em>: <strong>Senses</strong> detect alignment.</span></p>"
		},
		"Distraction (Ex)": {
			"name": "Distraction (Ex)",
			"description": "<p>The creature can nauseate targets that it damages. A living creature that takes damage from a creature with the distraction ability is @Compendium[sfrpg.conditions.LoRydw1D4bqlbkA2]{Nauseated} for 1 round; the target can negate the effect with a successful Fortitude save at the listed DC.</p>\n<p><span id=\"ctl00_MainContent_DataListRulesAll_ctl16_LabelName\"><em>Format</em>: <strong>Offensive Abilities</strong> distraction (DC 15).</span></p>"
		},
		"Earth Glide (Ex)": {
			"name": "Earth Glide (Ex)",
			"description": "<p>When the creature burrows, it can pass through dirt, stone, or almost any other sort of earth except metal as easily as a fish swims through water. If protected against fire damage, it can even glide through lava. Its burrowing leaves behind no tunnel or hole, nor does it create any ripple or other sign of its presence.</p>\n<p><span id=\"ctl00_MainContent_DataListRulesAll_ctl17_LabelName\"><em>Format</em>: <strong>Other Abilities</strong> earth glide.</span></p>"
		},
		"Elemental Immunities (Ex)": {
			"name": "Elemental Immunities (Ex)",
			"description": "<p>Elementals are immune to the following effects, unless the effect specifies that it works against elemental creatures:</p>\n<ul>\n<li>\n<p>@Compendium[sfrpg.conditions.v9RNVTqyTyaPchvd]{Bleed}, critical hits, @Compendium[sfrpg.conditions.NV4qXRDgb7zTNkW2]{Paralysis}, @Compendium[sfrpg.rules.aKqRtg165rAly1Cc]{Poison}, @Compendium[sfrpg.conditions.3iTdt2NRgIyrychR]{Sleep} effects, and @Compendium[sfrpg.conditions.CvsDp0GvojxiF2jz]{Stunning}.</p>\n</li>\n<li>\n<p>Flanking&mdash;elementals are unflankable.</p>\n</li>\n</ul>\n<p><span id=\"ctl00_MainContent_DataListRulesAll_ctl18_LabelName\"><em>Format</em>: <strong>Immunities </strong>elemental immunities.</span></p>"
		},
		"Energy Drain (Su)": {
			"name": "Energy Drain (Su)",
			"description": "<p>A successful energy drain attack inflicts one or more negative levels (as described in the ability). If an attack that includes an energy drain scores a critical hit, it inflicts twice the listed number of negative levels. Unless otherwise specified in the draining creature&rsquo;s description, it gains 5 temporary Hit Points for each negative level it inflicts on an opponent. These temporary Hit Points last for a maximum of 1 hour. Negative levels from energy drain remain until 24 hours have passed or until they are removed with magic or technology. If a negative level isn&rsquo;t removed before 24 hours have passed, the affected target must attempt a Fortitude saving throw (the exact DC is given in the creature&rsquo;s stat block). On a success, the negative level goes away. On a failure, the negative level becomes permanent. A separate saving throw is required for each negative level. See page 252 of the Starfinder Core Rulebook for more about negative levels.</p>\n<p><span id=\"ctl00_MainContent_DataListRulesAll_ctl19_LabelName\"><em>Format</em>: <strong>Melee</strong> slam +24 (6d12+22 B plus energy drain); <strong>Offensive Abilities</strong> energy drain (2 levels, DC 22).</span></p>"
		},
		"Energy Resistance": {
			"name": "Energy Resistance",
			"description": "<p><span id=\"ctl00_MainContent_DetailedOutput\">A creature with resistance to energy has the ability to ignore some energy damage of a certain type (acid, cold, electricity, fire, or sonic) per attack. Each resistance ability is defined by what energy type it resists and how much damage is resisted. It doesn&rsquo;t matter whether the damage is from a mundane or magical source. If an attack deals both kinetic damage and energy damage (such as dealing 3d6 bludgeoning and 1d6 fire damage), energy resistance applies to the energy damage but doesn&rsquo;t reduce the kinetic damage.</span></p>\n<p><span id=\"ctl00_MainContent_DetailedOutput\">If energy resistance completely negates the damage from an attack, it also negates most special effects that accompany the attack, such as an operative&rsquo;s debilitating trick or poison delivered via an injury. Energy resistance does not negate ability damage, ability drain, or negative levels dealt along with an energy attack, nor does it affect poisons or diseases delivered by contact, ingestion, or inhalation.</span></p>\n<p><span id=\"ctl00_MainContent_DetailedOutput\">If you have energy resistance against the same energy type from more than one source, the two forms of energy resistance do not stack unless the sources of the energy resistance specifically note otherwise. Rarely, an effect specifies that it increases a creature&rsquo;s existing energy resistance.&nbsp;</span></p>"
		},
		"Engulf (Ex)": {
			"name": "Engulf (Ex)",
			"description": "<p>As a standard action, the creature can move up to its speed, moving into or through the space of any creatures that are at least one size smaller than itself without penalty. Every creature in the engulfing creature&rsquo;s path is automatically engulfed, with no attack roll needed. A targeted creature can attempt a Reflex saving throw to avoid being engulfed; if it attempts this save, it can&rsquo;t make an attack of opportunity against the engulfing creature due to that creature&rsquo;s movement. On a successful save, the target is pushed back or aside (target&rsquo;s choice) as the engulfing creature continues to move. An engulfed creature gains the @Compendium[sfrpg.conditions.XgK4EdO5D3Fj3iWz]{Pinned} condition, takes the listed damage at the beginning of each turn it is engulfed, is in danger of suffocating if it doesn&rsquo;t have @Compendium[sfrpg.rules.WP7hddXW4mLXXXOg]{Environmental protections}, and is trapped within the engulfing creature&rsquo;s body until it is no longer pinned. An engulfed creature moves with the engulfing creature; this movement does not provoke attacks of opportunity against the engulfed creature. A creature can engulf one creature that is one size smaller than itself, up to two creatures that are two sizes smaller, or up to four creatures that are three sizes smaller.</p>\n<p><span id=\"ctl00_MainContent_DataListRulesAll_ctl20_LabelName\"><em>Format</em>: <strong>Offensive Abilities</strong> engulf (1d6+8 F, DC 13).</span></p>"
		},
		"Fast Healing (Ex)": {
			"name": "Fast Healing (Ex)",
			"description": "<p>The creature regains the listed number of Hit Points at the start of its turn. Unless otherwise noted, the creature can never exceed its maximum Hit Points.</p>\n<p>Fast healing does not restore Hit Points lost from starvation, thirst, or suffocation, nor does it allow a creature to regrow or reattach lost body parts, unless otherwise stated. Fast healing continues to function until a creature dies, at which point the effects of fast healing end immediately.</p>\n<p><span id=\"ctl00_MainContent_DataListRulesAll_ctl21_LabelName\"><em>Format</em>: <strong>Defensive Abilities</strong> fast healing 5.</span></p>"
		},
		"Ferocious Charge (Ex)": {
			"name": "Ferocious Charge (Ex)",
			"description": "<p>When the creature charges, it can attempt a trip combat maneuver in place of the normal melee attack. In addition, the creature can charge without taking the normal charge penalties to its attack roll or AC. If the creature has another ability that allows it to charge without taking these penalties (such as the charge attack ability from the soldier&rsquo;s blitz fighting style), it also gains the ability to charge through difficult terrain.</p>\n<p><span id=\"ctl00_MainContent_DataListRulesAll_ctl22_LabelName\"><em>Format</em>: <strong>Offensive Abilities</strong> ferocious charge.</span></p>"
		},
		"Ferocity (Ex)": {
			"name": "Ferocity (Ex)",
			"description": "<p>When the creature is brought to 0 Hit Points, it can fight on for 1 more round. It can act normally until the end of its next turn; if it has 0 HP at that point, it dies. If it would lose further Hit Points before this, it ceases to be able to act and dies.</p>\n<p><span id=\"ctl00_MainContent_DataListRulesAll_ctl23_LabelName\"><em>Format</em>: <strong>Defensive Abilities</strong> ferocity.</span></p>"
		},
		"Fly (Ex or Su)": {
			"name": "Fly (Ex or Su)",
			"description": "<p>The source of the creature&rsquo;s fly speed (whether extraordinary, supernatural, or from another source such as an item) is noted before its maneuverability. Unless otherwise noted, a creature whose ability to fly is extraordinary can&rsquo;t fly in a vacuum.</p>\n<p><span id=\"ctl00_MainContent_DataListRulesAll_ctl24_LabelName\"><em>Format</em>: <strong>Speed</strong> fly 60 ft. (Ex, perfect).</span></p>"
		},
		"Frightful Presence (Ex or Su)": {
			"name": "Frightful Presence (Ex or Su)",
			"description": "<p>The creature&rsquo;s presence unsettles its foes. It can activate this ability as part of the action of making an attack or as a move action, but it can activate it only once per round. It usually has a range of 30 feet. Opponents within the range must succeed at a Will save or be @Compendium[sfrpg.conditions.nywSVEeDvp1bk7L3]{Shaken}. The duration is 5d6 <span style=\"font-size: 1.125em;\">&nbsp;</span>rounds unless the ability says otherwise. Once an opponent has been exposed to a creature&rsquo;s frightful presence (whether or not the opponent succeeds at its saving throw), it cannot be affected by the same creature&rsquo;s frightful presence for 24 hours. This is an @Compendium[sfrpg.rules.PqV3OCbUTyk2upPD]{Emotion}, @Compendium[sfrpg.rules.PqV3OCbUTyk2upPD]{Fear}, @Compendium[sfrpg.rules.PqV3OCbUTyk2upPD]{Mind-affecting}, and @Compendium[sfrpg.rules.PqV3OCbUTyk2upPD]{Sense-dependent} effect.</p>\n<p><span id=\"ctl00_MainContent_DataListRulesAll_ctl25_LabelName\"><em>Format</em>: <strong>Aura</strong> frightful presence (30 ft., Will DC 22).</span></p>"
		},
		"Gaze (Su)": {
			"name": "Gaze (Su)",
			"description": "<p>Opponents that look at a creature with a gaze ability are in danger of being charmed, being @Compendium[sfrpg.conditions.NV4qXRDgb7zTNkW2]{Paralyzed}, being turned to stone, or suffering another negative effect. Each opponent within the gaze&rsquo;s listed range must attempt a saving throw (usually Fortitude or Will) at the beginning of its turn. On a successful save, the effect is negated. An opponent can give itself an advantage against this ability in one of two ways.</p>\n<p><strong>Looking Obliquely</strong>: An opponent that avoids looking directly at the creature&rsquo;s face (either by following the creature&rsquo;s shadow or by tracking it in a reflective surface) or that looks at the creature through a camera or heads-up display gains a +4 circumstance bonus to the saving throw. However, the creature with the gaze ability gains concealment against that opponent.</p>\n<p><strong>Blocking Its Vision</strong>: By completely blocking or covering its own visual sensors, an opponent doesn&rsquo;t need to attempt a save against the gaze. However, the creature with the gaze ability gains total concealment against that opponent.</p>\n<p>Gaze abilities can affect ethereal opponents but not opponents without visual sensors. A creature is immune to the gaze abilities of others of its kind unless otherwise noted. Allies of a creature with a gaze ability can still be affected, but they are always considered to be looking obliquely at the creature. The creature can also veil its eyes, thus negating its gaze ability.</p>\n<p><span id=\"ctl00_MainContent_DataListRulesAll_ctl26_LabelName\"><em>Format</em>: <strong>Offensive Abilities</strong> paralyzing gaze (60 ft., Will DC 14).</span></p>"
		},
		"Grab (Ex)": {
			"name": "Grab (Ex)",
			"description": "<p>If the creature hits with the indicated attack (usually a claw or bite attack), it deals the normal damage. If the creature&rsquo;s attack roll successfully hits the target&rsquo;s KAC + 4, the creature also automatically grapples the foe as a free action (see @Compendium[sfrpg.conditions.4AkWDHGM6gHDepHN]{Grappled}). (If it hits the target&rsquo;s KAC + 13, it instead pins the target - see @Compendium[sfrpg.conditions.XgK4EdO5D3Fj3iWz]{Pinned}.) The creature does not need to have a spare limb free to perform this grapple, as long as it can make the listed attack, and it can potentially grapple more than one target if it has more than one attack with the grab ability. The creature can maintain the grab either with another successful grab attack or by performing the grapple combat maneuver normally.</p>\n<p><span id=\"ctl00_MainContent_DataListRulesAll_ctl27_LabelName\"><em>Format</em>: <strong>Melee</strong> claw +8 (1d6+4 plus grab).</span></p>"
		},
		"Immunity (Ex or Su)": {
			"name": "Immunity (Ex or Su)",
			"description": "<p>The creature takes no damage from the listed source. Creatures can be immune to certain types of damage, types of @Compendium[sfrpg.rules.JaRMioj4isNp7r1P]{Afflictions}, conditions, spells (based on school, level, or save type), and other effects. A creature that is immune to critical hits doesn&rsquo;t take double damage or suffer critical hit effects. A creature that is immune to a listed source doesn&rsquo;t suffer from its effects or from any secondary effects that it would trigger.</p>\n<p><span id=\"ctl00_MainContent_DataListRulesAll_ctl28_LabelName\"><em>Format</em>: <strong>Immunities</strong> acid, paralysis.</span></p>\n<p><span id=\"ctl00_MainContent_DataListRulesAll_ctl28_LabelName\"><em>Guidelines</em>: A creature usually has one immunity, plus one for every 5 CR. Broad immunities such as immunity to mind‑affecting effects or all magic should be chosen with caution and might count as multiple abilities.</span></p>"
		},
		"Incorporeal": {
			"name": "Incorporeal",
			"description": "<p><span id=\"ctl00_MainContent_DetailedOutput\">An incorporeal creature doesn&rsquo;t have a physical body. It is immune to all nonmagical kinetic attacks. All energy attacks and magical kinetic attacks deal half damage (50%) to it. An incorporeal creature takes full damage from other incorporeal creatures and effects, as well as from all force effects. Corporeal spells and effects that do not cause damage have only a 50% chance of affecting an incorporeal creature. An incorporeal creature is immune to critical hits.</span></p>\n<p><span id=\"ctl00_MainContent_DetailedOutput\">Incorporeal creatures&rsquo; attacks always target their enemies&rsquo; Energy Armor Class. Incorporeal creatures cannot take any physical actions that would move or manipulate an opponent or its equipment, including combat maneuvers, nor are they subject to any such actions.</span></p>\n<p><span id=\"ctl00_MainContent_DetailedOutput\">An incorporeal creature can enter or pass through solid objects but must remain adjacent to such an object&rsquo;s exterior, and so it cannot pass through the center of an object whose space is larger than its own. It can sense the presence of creatures or objects within squares adjacent to its current location (see page 260), but enemies have total concealment (50% miss chance; see Concealment on page 253) from an incorporeal creature that is inside an object. An incorporeal creature inside an object has total cover, but when it attacks a creature outside the object it has only cover (see Cover starting on page 253). An incorporeal creature cannot pass through a force effect. Incorporeal creatures pass through and operate in vacuum, water, and zero gravity as easily as they do in air. Incorporeal creatures cannot fall or take falling damage. They have no weight and do not set off traps that are triggered only by weight.</span></p>\n<p><span id=\"ctl00_MainContent_DetailedOutput\">Incorporeal creatures move silently and cannot be heard with Perception checks unless they wish to be. Any sense (including blindsense or blindsight) based on scent, sound, or touch is ineffective at perceiving incorporeal creatures. These creatures have an innate sense of direction and can move at full speed even when they cannot see.&nbsp;</span></p>"
		},
		"Integrated Weapons (Ex)": {
			"name": "Integrated Weapons (Ex)",
			"description": "<p>The creature&rsquo;s weapons are manufactured weapons, not natural weapons, and they are integrated into its frame. A creature can&rsquo;t be disarmed of these weapons, though they can be removed and used if the creature is @Compendium[sfrpg.conditions.nEJIWMKbPjqKuelo]{Dead}.</p>\n<p><span id=\"ctl00_MainContent_DataListRulesAll_ctl29_LabelName\"><em>Format</em>: <strong>Defensive Abilities</strong> integrated weapons.</span></p>\n<p><span id=\"ctl00_MainContent_DataListRulesAll_ctl29_LabelName\"><em>Guidelines</em>: A manufactured weapon is a weapon with an item level that can be purchased by characters.</span></p>"
		},
		"Invisible": {
			"name": "Invisible",
			"description": "<p><span id=\"ctl00_MainContent_DetailedOutput\">An invisible creature is visually undetectable. A creature using only an imprecise sense, or whose only precise sense is vision, can&rsquo;t observe an invisible creature, so the invisible creature is unseen by such a would-be observer. Creatures with blindsight can perceive invisible creatures normally, since blindsight is a precise sense that does not rely on vision, and thus can observe invisible creatures. See Senses on page 260 and Dealing with Unseen Creatures on page 261 for more information.</span></p>\n<p><span id=\"ctl00_MainContent_DetailedOutput\">Invisible creatures remain invisible even in unusual environments, such as underwater, and when subject to effects such as fog or smoke. They are not magically silenced. They can still be heard, smelled, and felt as normal, even if other creatures can&rsquo;t see them. Invisible creatures leave tracks and can be tracked normally. A character looking for an invisible creature might find his quarry if the invisible creature drops an item, speaks, smells strongly, leaves an obvious trail, or performs some action that makes itself known. Finding an invisible creature in this way requires a Perception check as normal. If successful, and assuming your only precise sense is vision, you become aware of the invisible creature&rsquo;s presence, but you don&rsquo;t know its exact location. If you&rsquo;re looking for an invisible creature, the GM might rule that you have a bonus or penalty to your Perception checks based on the situation.</span></p>\n<p><span id=\"ctl00_MainContent_DetailedOutput\">Items dropped or put down by an invisible creature become visible; items it picks up disappear if tucked into the clothing or pouches worn by the creature. Light, however, never becomes invisible, although a source of light can become so (thus creating the effect of a light with no visible source). Any part of an item that the creature carries but that extends more than 10 feet from it becomes visible.</span></p>\n<p><span id=\"ctl00_MainContent_DetailedOutput\">Invisibility does not thwart divination spells or effects. Invisible creatures cannot use gaze attacks (see the <em>Starfinder Alien Archive</em>). If you are or become invisible while grappled, you gain a +2 circumstance bonus to your check to escape being grappled, but you gain no other benefit against the grappler.&nbsp;</span></p>"
		},
		"Light Blindness (Ex)": {
			"name": "Light Blindness (Ex)",
			"description": "<p>The creature is @Compendium[sfrpg.conditions.tOpF6qjnlnKc10t7]{Blinded} for 1 round when first exposed to bright light, such as sunlight, and it is @Compendium[sfrpg.conditions.YjE6UGzwOTfO9p4g]{Dazzled} for as long as it remains in an area of bright light.</p>\n<p><span id=\"ctl00_MainContent_DataListRulesAll_ctl30_LabelName\"><em>Format</em>: <strong>Weaknesses</strong> light blindness.</span></p>"
		},
		"Limited Plant Benefits (Ex)": {
			"name": "Limited Plant Benefits (Ex)",
			"description": "<p>Despite being a plant creature, the creature doesn&rsquo;t gain the standard immunities associated with creatures of the plant type. Instead, a creature with this ability gains a +2 racial bonus on saving throws against @Compendium[sfrpg.rules.PqV3OCbUTyk2upPD]{Mind-affecting effects}, @Compendium[sfrpg.conditions.NV4qXRDgb7zTNkW2]{Paralysis}, @Compendium[sfrpg.rules.aKqRtg165rAly1Cc]{Poison}, polymorph, @Compendium[sfrpg.conditions.3iTdt2NRgIyrychR]{Sleep}, and @Compendium[sfrpg.conditions.CvsDp0GvojxiF2jz]{Stunning} effects, unless the effect specifies that it is effective against plants.</p>\n<p><span id=\"ctl00_MainContent_DataListRulesAll_ctl31_LabelName\"><em>Format</em>: <strong>Defensive Abilities</strong> limited plant benefits.</span></p>"
		},
		"Limited Telepathy (Ex or Su)": {
			"name": "Limited Telepathy (Ex or Su)",
			"description": "<p>The creature can mentally communicate with any creatures within the listed range with which it shares a language. See page 259 of the Starfinder Core Rulebook for more details.</p>\n<p><span id=\"ctl00_MainContent_DataListRulesAll_ctl32_LabelName\"><em>Format</em>: <strong>Languages</strong> limited telepathy 30 ft.</span></p>"
		},
		"Low-Light Vision (Ex)": {
			"name": "Low-Light Vision (Ex)",
			"description": "<p>The creature can see in dim light as if it were normal light. Low-light vision is color vision, unlike @Compendium[sfrpg.universal-creature-rules.3Yg98sD5UymVymF9]{Darkvision}. A creature with low-light vision can read as long as even the tiniest source of light is next to it. Creatures with low-light vision can see outdoors on a moonlit night as well as they can during the day, since the moon casts dim light.</p>\n<p><span id=\"ctl00_MainContent_DataListRulesAll_ctl33_LabelName\"><em>Format</em>: <strong>Senses</strong> low-light vision.</span></p>"
		},
		"Mindless (Ex)": {
			"name": "Mindless (Ex)",
			"description": "<p>The creature has no Intelligence score or modifier and is immune to @Compendium[sfrpg.rules.PqV3OCbUTyk2upPD]{Mind-affecting effects}. Any DCs or other statistics that rely on an Intelligence score treat the creature as having a score of 10(+0).</p>\n<p><em>Format</em>: <strong>Other Abilities</strong> mindless.</p>\n<p><span id=\"ctl00_MainContent_DataListRulesAll_ctl34_LabelName\"><em>Guidelines</em>: Mindless creatures usually have fewer good skills and no master skills. Their skills should be based on inborn abilities, since they&rsquo;re incapable of training.</span></p>"
		},
		"Multiarmed (Ex)": {
			"name": "Multiarmed (Ex)",
			"description": "<p>The creature has the number of arms listed. This allows it to wield and hold up to that many hands&rsquo; worth of weapons and equipment. While this increases the number of items it can have at the ready, it doesn&rsquo;t increase the number of attacks it can make during combat.</p>\n<p><span id=\"ctl00_MainContent_DataListRulesAll_ctl35_LabelName\"><em>Format</em>: <strong>Other Abilities</strong> multiarmed (4).</span></p>"
		},
		"Multiattack (Ex)": {
			"name": "Multiattack (Ex)",
			"description": "<p>When making a full attack, the creature can make all the listed attacks, instead of two attacks, at the attack bonuses indicated. It can make the attacks in any order.</p>\n<p><em>Format</em>: <strong>Multiattack</strong> bite +10 (1d4+11), 2 claws +10 (1d4+11).</p>\n<p><span id=\"ctl00_MainContent_DataListRulesAll_ctl36_LabelName\"><em>Guidelines</em>: Use the appropriate damage column for the creature&rsquo;s array for all attacks in the multiattack, and impose a &ndash;6 penalty on these attacks (rather than the usual &ndash;4 penalty for a full attack).</span></p>"
		},
		"Natural Weapons (Ex)": {
			"name": "Natural Weapons (Ex)",
			"description": "<p>Natural weapons (and natural attacks), such as acid spit, bite, claw, or slam don&rsquo;t require ammunition and can&rsquo;t be disarmed or sundered.</p>\n<p><span id=\"ctl00_MainContent_DataListRulesAll_ctl37_LabelName\">In addition, a player character with this ability can attack with a special unarmed strike that deals lethal damage, doesn&rsquo;t count as archaic, and threatens squares. They also gain a special version of the Weapon Specialization feat with this unarmed strike at 3rd level, allowing them to add 1&ndash;1/2 &times; their character level to their damage rolls for this unarmed strike (instead of just adding their character level as usual).</span></p>"
		},
		"No Breath (Ex)": {
			"name": "No Breath (Ex)",
			"description": "<p>The creature doesn&rsquo;t breathe, and it is immune to effects that require breathing (such as inhaled @Compendium[sfrpg.rules.aKqRtg165rAly1Cc]{Poison}). This does not give it immunity to cloud or gas attacks that don&rsquo;t require breathing.</p>\n<p><span id=\"ctl00_MainContent_DataListRulesAll_ctl38_LabelName\"><em>Format</em>: <strong>Other Abilities</strong> no breath.</span></p>"
		},
		"Ooze Immunities (Ex)": {
			"name": "Ooze Immunities (Ex)",
			"description": "<p>Oozes are immune to the following effects, unless the effect specifies that it works against oozes.</p>\n<ul>\n<li>Critical hits, @Compendium[sfrpg.conditions.NV4qXRDgb7zTNkW2]{Paralysis}, @Compendium[sfrpg.rules.aKqRtg165rAly1Cc]{Poison}, polymorph, @Compendium[sfrpg.conditions.3iTdt2NRgIyrychR]{Sleep}, and @Compendium[sfrpg.conditions.CvsDp0GvojxiF2jz]{Stunning}.</li>\n<li>Gaze abilities, illusions, visual effects, and other attacks that rely on sight.</li>\n<li>Flanking&mdash;oozes are unflankable.</li>\n</ul>\n<p><span id=\"ctl00_MainContent_DataListRulesAll_ctl39_LabelName\"><em>Format</em>: <em>Immunities</em> ooze immunities.</span></p>"
		},
		"Plant Immunities (Ex)": {
			"name": "Plant Immunities (Ex)",
			"description": "<p>Plants are immune to the following effects, unless the effect specifies it works against plants.</p>\n<ul>\n<li>@Compendium[sfrpg.rules.PqV3OCbUTyk2upPD]{Mind-affecting effects}, @Compendium[sfrpg.conditions.NV4qXRDgb7zTNkW2]{Paralysis}, @Compendium[sfrpg.rules.aKqRtg165rAly1Cc]{Poison}, polymorph, @Compendium[sfrpg.conditions.3iTdt2NRgIyrychR]{Sleep}, and @Compendium[sfrpg.conditions.CvsDp0GvojxiF2jz]{Stunning}.</li>\n</ul>\n<p><span id=\"ctl00_MainContent_DataListRulesAll_ctl40_LabelName\"><em>Format</em>: <strong>Immunities</strong> plant immunities.</span></p>"
		},
		"Plantlike (Ex)": {
			"name": "Plantlike (Ex)",
			"description": "<p>For effects targeting creatures by type, plantlike creatures count as both their type and plants, whichever is most detrimental to them. They also receive a +2 racial bonus to saving throws against @Compendium[sfrpg.rules.PqV3OCbUTyk2upPD]{Mind-affecting effects}, @Compendium[sfrpg.conditions.NV4qXRDgb7zTNkW2]{Paralysis}, @Compendium[sfrpg.rules.aKqRtg165rAly1Cc]{Poison}, polymorph, @Compendium[sfrpg.conditions.3iTdt2NRgIyrychR]{Sleep}, and @Compendium[sfrpg.conditions.CvsDp0GvojxiF2jz]{Stunning}, unless the effect specifies that it works against plants.</p>\n<p><span id=\"ctl00_MainContent_DataListRulesAll_ctl41_LabelName\"><em>Format</em>: <strong>Other Abilities</strong> plantlike.</span></p>"
		},
		"Pounce (Ex)": {
			"name": "Pounce (Ex)",
			"description": "<p><span id=\"ctl00_MainContent_DataListRulesAll_ctl42_LabelName\">When this creature charges, it can make a full attack in place of the normal melee attack.</span></p>\n<p><span id=\"ctl00_MainContent_DataListRulesAll_ctl42_LabelName\"><em>Format</em>: <strong>Offensive Abilities</strong> pounce.</span></p>"
		},
		"Radioactive (Ex, Su)": {
			"name": "Radioactive (Ex, Su)",
			"description": "<p>The creature emanates @Compendium[sfrpg.rules.QHtKixa59DI9xQfO]{Radiation} (Starfinder Core Rulebook 403) at the listed radiation level to the listed radius. If the radiation level is medium or stronger, the effect suffuses a larger area at a lower level as normal.</p>\n<p><span id=\"ctl00_MainContent_DataListRulesAll_ctl43_LabelName\"><em>Format</em>: <strong>Aura</strong> radioactive (medium, 20 ft., DC 17).</span></p>"
		},
		"Regeneration (Ex)": {
			"name": "Regeneration (Ex)",
			"description": "<p>The creature regains Hit Points at the start of its turn, as with fast healing, but it can&rsquo;t die as long as its regeneration is still functioning (although creatures with regeneration still fall @Compendium[sfrpg.conditions.lf8pbezocjYIvR9y]{Unconscious} when their Hit Points reach 0). Certain attacks, typically those that deal acid or fire damage, cause a creature&rsquo;s regeneration to stop functioning for 1 round. During this round, the creature doesn&rsquo;t regain Hit Points and can die normally. The creature&rsquo;s stat block describes the types of damage that suppress the regeneration.</p>\n<p>Regeneration doesn&rsquo;t restore Hit Points lost from starvation, thirst, or suffocation. Creatures with regeneration can regrow lost portions of their bodies and can reattach severed body parts if they are recovered within 1 hour of severing. Severed parts that aren&rsquo;t reattached wither and decompose normally.</p>\n<p>A creature usually must have a Constitution score or modifier to have this ability.</p>\n<p><span id=\"ctl00_MainContent_DataListRulesAll_ctl44_LabelName\"><em>Format</em>: <strong>Defensive Abilities</strong> regeneration 5 (acid).</span></p>"
		},
		"Resistance (Ex)": {
			"name": "Resistance (Ex)",
			"description": "<p>The creature ignores some damage of a certain type (acid, cold, electricity, fire, or sonic) per attack, but it does not have total immunity. See page 264 of the Starfinder Core Rulebook for more details.</p>\n<p><span id=\"ctl00_MainContent_DataListRulesAll_ctl45_LabelName\"><em>Format</em>: <strong>Resistances</strong> acid 10.</span></p>"
		},
		"See In Darkness (Su)": {
			"name": "See In Darkness (Su)",
			"description": "<p>The creature can sense through obstacles that would normally block the ability to perceive what is beyond them. The specific sense this ability applies to is indicated in parentheses after the sense through entry in the creature&rsquo;s statistics. If the ability allows the creature to sense through only a specific material, that material is listed after the specific sense. For more information on sense through, see page 264 of the Starfinder Core Rulebook.</p>\n<p><span id=\"ctl00_MainContent_DataListRulesAll_ctl46_LabelName\"><em>Format</em>: <strong>Senses</strong> see in darkness.</span></p>"
		},
		"Sense Through (Su)": {
			"name": "Sense Through (Su)",
			"description": "<p>The creature can sense through obstacles that would normally block the ability to perceive what is beyond them. The specific sense this ability applies to is indicated in parentheses after the sense through entry in the creature&rsquo;s statistics. If the ability allows the creature to sense through only a specific material, that material is listed after the specific sense. For more information on sense through, see page 264 of the Starfinder Core Rulebook.</p>\n<p><span id=\"ctl00_MainContent_DataListRulesAll_ctl47_LabelName\"><em>Format</em>: <strong>Senses</strong> sense through (vision).</span></p>"
		},
		"Sightless (Ex)": {
			"name": "Sightless (Ex)",
			"description": "<p>The creature does not use any visual senses and is thus never subject to any effect that requires the creature to see a target or effect. Sightless creatures normally have some form of @Compendium[sfrpg.universal-creature-rules.4HvnYWLhFBiuvDxD]{Blindsight} to compensate for their sightlessness, but if not, they are assumed to be able to operate as well as a creature with normal vision unless the creature&rsquo;s description says otherwise.</p>\n<p><span id=\"ctl00_MainContent_DataListRulesAll_ctl48_LabelName\"><em>Format</em>: <strong>Senses</strong> sightless</span></p>"
		},
		"Solar Adaptation (Ex or Su)": {
			"name": "Solar Adaptation (Ex or Su)",
			"description": "<p>The creature can survive within a star despite the luminance, pressure, radiation, and convection currents. In addition, while within a star, the creature can move as if it had a supernatural fly speed equal to its fastest speed.</p>\n<p><span id=\"ctl00_MainContent_DataListRulesAll_ctl49_LabelName\"><em>Format</em>: <strong>Other Abilities</strong> solar adaptation.</span></p>\n<p><span id=\"ctl00_MainContent_DataListRulesAll_ctl49_LabelName\"><em>Guidelines</em>: A creature with solar adaptation should also have the fire subtype or immunity to fire.</span></p>"
		},
		"Spaceflight (Su)": {
			"name": "Spaceflight (Su)",
			"description": "<p>The creature can fly through space at standard navigation and astrogation speeds (Core Rulebook 290) using Piloting to navigate. If it uses a skill other than Piloting for skill checks to astrogate, that skill is listed in parentheses.</p>\n<p>Guidelines: Most creatures with spaceflight also have @Compendium[sfrpg.universal-creature-rules.Zo5poFuFlNvLYMwh]{Void Adaptation}.</p>\n<p><span id=\"ctl00_MainContent_DataListRulesAll_ctl50_LabelName\"><em>Format</em>: <strong>Other Abilities</strong> spaceflight (Mysticism).</span></p>\n<p><span id=\"ctl00_MainContent_DataListRulesAll_ctl50_LabelName\"><em>Guidelines</em>: Most creatures with spaceflight also have void adaptation.<br /></span></p>"
		},
		"Spell Resistance (Ex)": {
			"name": "Spell Resistance (Ex)",
			"description": "<p>The creature can avoid the effects of some spells and spelllike abilities that would directly affect it. To determine whether a spell or spell-like ability works against a creature with spell resistance, the caster must attempt a caster level check (1d20 + caster level). If the result equals or exceeds the creature&rsquo;s spell resistance, the spell works normally, though the creature can still attempt any saving throws normally allowed. See page 265 of the Starfinder Core Rulebook for more information.</p>\n<p><span id=\"ctl00_MainContent_DataListRulesAll_ctl51_LabelName\"><em>Format</em>: <strong>SR</strong> 18.</span></p>"
		},
		"Spider Climb (Ex)": {
			"name": "Spider Climb (Ex)",
			"description": "<p>The creature can climb as though affected by the spell @Compendium[sfrpg.spells.jA6eTWFaULIpjXAx]{Spider Climb}.</p>\n<p><span id=\"ctl00_MainContent_DataListRulesAll_ctl52_LabelName\"><em>Format</em>: <strong>Speed</strong> spider climb.</span></p>"
		},
		"Stellar Alignment (Su)": {
			"name": "Stellar Alignment (Su)",
			"description": "<p>The creature is aligned to the cycles of solar systems. Creatures with stellar alignment usually have stellar revelations and zenith revelations, either ones from the solarian class or ones unique to the creature. When using stellar revelations, the creature is always considered attuned. However, it&rsquo;s not always considered fully attuned, so it normally can&rsquo;t always use zenith powers. When you roll initiative for the creature, roll 1d3. Once that many rounds have elapsed, the creature is considered fully attuned and gains access to its zenith powers. After it uses a zenith power, it&rsquo;s no longer fully attuned, and you roll 1d3 again to see how many rounds it will take to recharge.</p>\n<p>If a creature has stellar alignment (graviton) or stellar alignment (photon), it&rsquo;s considered to be attuned only in the indicated mode and can become fully attuned only in the indicated mode, as described above.</p>\n<p><span id=\"ctl00_MainContent_DataListRulesAll_ctl53_LabelName\"><em>Format</em>: <strong>Other Abilities</strong> stellar alignment (graviton).</span></p>"
		},
		"Summon Allies (Sp)": {
			"name": "Summon Allies (Sp)",
			"description": "<p>The creature can attempt to summon creatures of the same creature type as itself as a full action. The summoned ally returns to the place from which it came after 1 hour.</p>\n<p><span id=\"ctl00_MainContent_DataListRulesAll_ctl54_LabelName\"><em>Format</em>: <strong>Spell-Like Abilities</strong> 1/day&mdash;summon allies (1 imp 60%).</span></p>\n<p><span id=\"ctl00_MainContent_DataListRulesAll_ctl54_LabelName\"><em>Guidelines</em>: Choose either a creature of the same CR as the monster (with a 35% chance of success) or a creature with a CR no greater than the monster&rsquo;s CR &ndash; 5 (with a 60% chance of success).</span></p>"
		},
		"Swallow Whole (Ex)": {
			"name": "Swallow Whole (Ex)",
			"description": "<p>If the creature hits with the indicated attack (usually a bite attack), it deals the normal damage. If the creature&rsquo;s attack roll successfully hits the target&rsquo;s KAC + 4, the creature also automatically grapples the foe as part of the attack action. (If it hits the target&rsquo;s KAC + 13, it instead pins the target). The creature doesn&rsquo;t need to have a free limb to perform this grapple. Unless otherwise specified, a creature can swallow whole only targets that are at least one size category smaller than itself, and it has room for a single target of that size in its stomach (doubling the maximum number of creatures it can have swallowed for each additional size category by which these creatures are smaller).</p>\n<p>On the creature&rsquo;s next turn after grappling or pinning the target, if the target has not escaped the grapple or pin, the target automatically takes the attack&rsquo;s damage at the beginning of the creature&rsquo;s turn. The creature can then make a new attack roll with the same attack. If it hits the target&rsquo;s KAC, the grapple or @Compendium[sfrpg.conditions.XgK4EdO5D3Fj3iWz]{Pin} is maintained. If it hits the target&rsquo;s KAC + 4, the target is swallowed whole (no damage is dealt).</p>\n<p>Once swallowed, the target takes the listed swallow whole damage automatically at the beginning its turn every round. The target is considered @Compendium[sfrpg.conditions.4AkWDHGM6gHDepHN]{Grappled} as long as it is swallowed. The target can attempt to cut its way out (the interior of a creature with swallow whole has the same EAC as its exterior and a KAC equal to that of its exterior &ndash; 4) by dealing an amount of damage equal to one-quarter the swallowing creature&rsquo;s total Hit Points, though any attack that does not deal slashing damage deals only half its normal damage. If a target cuts its way out of the creature, the creature cannot use swallow whole again until that damage is healed.</p>\n<p>Alternatively, a target swallowed whole can attempt to climb out. The swallowed creature must succeed at both a grapple check against the creature&rsquo;s internal KAC + 8 and an Athletics check to climb (DC = 10 + 1-1/2 &times; the creature&rsquo;s CR). Each of these actions takes a full round. If both checks are successful, the target climbs back up to the creature&rsquo;s mouth and can escape, ending up in an open square adjacent to the creature.</p>\n<p><span id=\"ctl00_MainContent_DataListRulesAll_ctl55_LabelName\"><em>Format</em>: <strong>Melee</strong> bite +19 (5d4+16 P plus swallow whole); <strong>Offensive Abilities</strong> swallow whole (5d4+16 A, EAC 30, KAC 27, 71 HP).</span></p>\n<p><span id=\"ctl00_MainContent_DataListRulesAll_ctl55_LabelName\"><em>Guidelines</em>: Use the same damage amount as for the creature&rsquo;s standard melee attack.</span></p>"
		},
		"Swarm Attack (Ex)": {
			"name": "Swarm Attack (Ex)",
			"description": "<p>The creature deals automatic damage to any creature whose space it occupies at the end of its turn, with no attack roll needed. Swarm attacks are not subject to a miss chance for concealment or cover.</p>\n<p><em>Format</em>: <strong>Melee</strong> swarm attack (1d6+2 P).</p>\n<p><span id=\"ctl00_MainContent_DataListRulesAll_ctl56_LabelName\"><em>Guidelines</em>: To determine the amount of damage a creature of CR 6 or lower deals with swarm attack, use the value listed in the CR 6 Three Attacks entry on its appropriate array table, lowering the additional damage from that CR to match its actual CR. For all other creatures, use the Four Attacks entry for its CR in the corresponding array table.</span></p>"
		},
		"Swarm Defenses (Ex)": {
			"name": "Swarm Defenses (Ex)",
			"description": "<p>Swarms take damage from weapons differently depending on how the weapon targets them.</p>\n<p>A swarm is immune to attacks and effects that targets a single creature (including single-target spells), with the exception of @Compendium[sfrpg.rules.PqV3OCbUTyk2upPD]{Mind-affecting effects} if the swarm has an Intelligence score and an ability similar to the formian&rsquo;s hive mind (see page 50).</p>\n<p>A swarm takes half again as much damage (+50%) from effects that affect all targets in an area, such as grenades, blast and explode weapons, and many evocation spells. A swarm takes normal damage from an attack or effect that affects multiple targets (including lines and fully automatic mode attacks). For the purpose of automatic fire, the swarm counts as five targets. For example, if an automatic attack is made using 12 rounds of ammunition, it can attack a maximum of six targets, so it can damage a swarm normally. However, if two other targets are closer to the attacker than the swarm, they must be attacked first, leaving only four attacks to target the swarm, so it takes no damage.</p>\n<p><em>Format</em>: <strong>Defensive Abilities</strong> swarm defenses.<span id=\"ctl00_MainContent_DataListRulesAll_ctl57_LabelName\"></span></p>"
		},
		"Swarm Immunities (Ex)": {
			"name": "Swarm Immunities (Ex)",
			"description": "<p>Swarms are immune to the following effects, unless the effect specifies it works against swarms.</p>\n<ul>\n<li>@Compendium[sfrpg.conditions.v9RNVTqyTyaPchvd]{Bleed}, critical hits, @Compendium[sfrpg.conditions.MZ8OoH1GE9qDMyCD]{Flat-Footed}, off-target, @Compendium[sfrpg.conditions.XgK4EdO5D3Fj3iWz]{Pinned}, @Compendium[sfrpg.conditions.XeRGqHVtcZ7vsgJ0]{Prone}, staggered, and @Compendium[sfrpg.conditions.CvsDp0GvojxiF2jz]{Stunned}.</li>\n<li>Combat maneuvers&mdash;swarms can&rsquo;t be affected by and can&rsquo;t perform combat maneuvers, unless the swarm&rsquo;s description says otherwise.</li>\n<li>Flanking&mdash;swarms are unflankable.</li>\n<li>Dying&mdash;a swarm reduced to 0 Hit Points breaks up and ceases to exist as a swarm, though individual members of it might survive.</li>\n</ul>\n<p><span id=\"ctl00_MainContent_DataListRulesAll_ctl58_LabelName\"><em>Format</em>: <strong>Immunities</strong> swarm immunities.</span></p>"
		},
		"Swarm Mind (Ex)": {
			"name": "Swarm Mind (Ex)",
			"description": "<p>Members of the Swarm are bound together into a singular hive mind by a blend of exuded pheromones, imperceptible movements of antennae and limbs, electrostatic fields, and telepathic communication. All Swarm creatures with 30 feet of each other are in constant communication; if one is aware of a threat, all are. (Such awareness can spread along a &ldquo;chain&rdquo; of Swarm creatures under appropriate circumstances, potentially alerting distant Swarm creatures). In addition, once per round when within 30 feet of another Swarm creature, a Swarm creature can roll twice and take the better result on a saving throw against a mindaffecting effect.</p>\n<p><span id=\"ctl00_MainContent_DataListRulesAll_ctl59_LabelName\"><em>Format</em>: <strong>Defensive Abilities</strong> Swarm mind.</span></p>"
		},
		"Telepathy": {
			"name": "Telepathy",
			"description": "<p><span id=\"ctl00_MainContent_DetailedOutput\">A creature with the telepathy special ability can mentally communicate with any other creature within a certain range (specified in the creature&rsquo;s description, though the range of telepathy is usually 100 feet) that knows a language or also has telepathy. It is possible to address multiple creatures at once telepathically, although maintaining a telepathic conversation with more than one creature at a time is just as difficult as simultaneously speaking and listening to multiple people at the same time. </span></p>\n<h3>Limited Telepathy</h3>\n<p>&nbsp;Limited telepathy functions in the same manner as telepathy, except that both the creature with the limited telepathy special ability and the creature it is communicating with must have a language in common.</p>"
		},
		"Tracking (Ex)": {
			"name": "Tracking (Ex)",
			"description": "<p>The creature can use the Perception skill to perform the follow tracks task of the Survival skill with the listed sense. The sense is usually related to a type of signature that most creatures leave behind, such as a scent or heat trail. The creature might gain a bonus or penalty to its Perception check to follow tracks depending on the strength of the quarry&rsquo;s signature, at the GM&rsquo;s discretion. It is possible for stronger signatures to completely mask other signatures, making following tracks with a weaker signature very difficult.</p>\n<p><span id=\"ctl00_MainContent_DataListRulesAll_ctl60_LabelName\"><em>Format</em>: <strong>Other Abilities</strong> tracking (scent).</span></p>"
		},
		"Trample (Ex)": {
			"name": "Trample (Ex)",
			"description": "<p>As a full action, the creature can move up to its speed and through the space of any creatures that are at least one size smaller than itself. The creature does not need to make an attack roll; each creature whose space it moves through takes damage. A target of a trample can attempt a Reflex save with the listed DC to take half damage; if it attempts the save, it can&rsquo;t make an attack of opportunity against the trampling creature due to the creature&rsquo;s movement. A creature can deal trample damage to a given target only once per round.</p>\n<p><span id=\"ctl00_MainContent_DataListRulesAll_ctl61_LabelName\"><em>Format</em>: <strong>Offensive Abilities</strong> trample (3d4+14 B, DC 16).</span></p>\n<p><span id=\"ctl00_MainContent_DataListRulesAll_ctl61_LabelName\"><em>Guidelines</em>: The amount of damage the trample deals should be the same as the creature&rsquo;s standard melee damage.</span></p>"
		},
		"Troop Attack (Ex)": {
			"name": "Troop Attack (Ex)",
			"description": "<p><span id=\"ctl00_MainContent_DataListRulesAll_ctl62_LabelName\">The creature doesn&rsquo;t make standard melee attacks. Instead, it deals automatic damage to any creature within its reach or whose space it occupies at the end of its turn, with no attack roll needed. A troop threatens all creatures within its reach or within its area and resolves attacks of opportunity by dealing automatic troop damage to any foe in reach that provokes an attack of opportunity. A troop is still limited to making one such attack per round unless stated otherwise. A troop can perform grapple and sunder combat maneuvers, but no other combat maneuvers, unless the troop&rsquo;s description states otherwise.</span></p>\n<p><span id=\"ctl00_MainContent_DataListRulesAll_ctl62_LabelName\"><em>Format</em>: <strong>Melee</strong> troop attack (1d4+10 P).</span></p>\n<p><span id=\"ctl00_MainContent_DataListRulesAll_ctl62_LabelName\"><em>Guidelines</em>: To determine the amount of damage a troop of CR 6 or lower deals with its troop attack, use the dice value listed for CR 6 in the Melee Damage, Three Attacks column on its appropriate array table (see pages 129&ndash;132 of Alien Archive), lowering the additional damage added to the dice value to match the additional damage of its actual CR and adding its Strength modifier as normal. For creatures of all other CRs, use the damage listed in the Melee Damage, Four Attacks entry for its CR in the corresponding array table.</span></p>"
		},
		"Troop Defenses (Ex)": {
			"name": "Troop Defenses (Ex)",
			"description": "<p><span id=\"ctl00_MainContent_DataListRulesAll_ctl63_LabelName\">Troops take damage from attacks differently depending on how the attack targets them.</span></p>\n<p><span id=\"ctl00_MainContent_DataListRulesAll_ctl63_LabelName\">A troop takes half damage from attacks that effect a single target (such as shot from a semi-auto pistol). A troop is immune to effects that target a specific number of creatures (including single-target spells and multiple-target spells such as <em>haste</em>).</span></p>\n<p><span id=\"ctl00_MainContent_DataListRulesAll_ctl63_LabelName\">A troop takes half again as much damage (+50%) from effects that affect all targets in an area, such as grenades, blast and explode weapons, and many evocation spells.</span></p>\n<p><span id=\"ctl00_MainContent_DataListRulesAll_ctl63_LabelName\">A troop takes normal damage from an attack or effect that affects multiple targets (including lines and fully automatic mode attacks). For the purposes of the automatic weapon special property, a troop counts as five targets. For example, if an automatic attack is made using 12 rounds of ammunition, the attack affects a maximum of six targets, so it can damage a troop normally. However, if two other targets are closer to the attacker than the troop, they must be attacked first, leaving only four attacks to target the troop, so the troop takes no damage.</span></p>\n<p><span id=\"ctl00_MainContent_DataListRulesAll_ctl63_LabelName\"><em>Format</em>: <strong>Defensive Abilities</strong> troop defenses.</span></p>"
		},
		"Troop Immunities (Ex)": {
			"name": "Troop Immunities (Ex)",
			"description": "<p><span id=\"ctl00_MainContent_DataListRulesAll_ctl64_LabelName\">Troops are immune to the following effects, unless the effect specifies it works against swarms or troops. </span></p>\n<ul>\n<li>@Compendium[sfrpg.conditions.XgK4EdO5D3Fj3iWz]{Pinned}, @Compendium[sfrpg.conditions.XeRGqHVtcZ7vsgJ0]{Prone}, @Compendium[sfrpg.conditions.aAQ6SW6iK0EVq8Ce]{Staggered}, and @Compendium[sfrpg.conditions.CvsDp0GvojxiF2jz]{Stunned}.</li>\n<li>Combat maneuvers&mdash;a troop can&rsquo;t be subject to combat maneuvers, unless it&rsquo;s affected by area effects that include such effects or the troop&rsquo;s description says otherwise.</li>\n<li>Flanking&mdash;troops are unflankable.</li>\n<li>Dying&mdash;a troop reduced to 0 Hit Points breaks up and is effectively destroyed, though individual members of it might survive.</li>\n</ul>\n<p><em>Format</em>: <strong>Immunities</strong> troop immunities.</p>"
		},
		"Truespeach (Su)": {
			"name": "Truespeach (Su)",
			"description": "<p>The creature can speak with any other creature that has a language. This ability is always active.</p>\n<p><span id=\"ctl00_MainContent_DataListRulesAll_ctl65_LabelName\"><em>Format</em>: <strong>Languages</strong> truespeech.</span></p>"
		},
		"Undead Immunities (Ex)": {
			"name": "Undead Immunities (Ex)",
			"description": "<p>Undead are immune to the following effects, unless the effect specifies it works against undead creatures.</p>\n<ul>\n<li>@Compendium[sfrpg.conditions.v9RNVTqyTyaPchvd]{Bleed}, @Compendium[sfrpg.rules.PqV3OCbUTyk2upPD]{Death effects}, @Compendium[sfrpg.rules.GnEF27Oot3zqTaBQ]{Disease}, @Compendium[sfrpg.rules.PqV3OCbUTyk2upPD]{Mind-affecting effects}, @Compendium[sfrpg.conditions.NV4qXRDgb7zTNkW2]{Paralysis}, @Compendium[sfrpg.rules.aKqRtg165rAly1Cc]{Poison}, @Compendium[sfrpg.conditions.3iTdt2NRgIyrychR]{Sleep}, and @Compendium[sfrpg.conditions.CvsDp0GvojxiF2jz]{Stunning}.</li>\n<li>Ability damage, ability drain, energy drain, @Compendium[sfrpg.conditions.33ynSbmexuxC3cAQ]{Exhaustion}, @Compendium[sfrpg.conditions.JGFn4MrDZ6X5vrzU]{Fatigue}, negative levels, and nonlethal damage.</li>\n<li>Any effect that requires a Fortitude save (unless the effect works on objects or is harmless).</li>\n</ul>\n<p><span id=\"ctl00_MainContent_DataListRulesAll_ctl66_LabelName\"><em>Format</em>: <strong>Immunities</strong> undead immunities.</span></p>"
		},
		"Unflankable (Ex)": {
			"name": "Unflankable (Ex)",
			"description": "<p>Flanking the creature does not grant any bonuses, and abilities that function only against a creature that is flanked do not function against it.</p>\n<p><span id=\"ctl00_MainContent_DataListRulesAll_ctl67_LabelName\"><em>Format</em>: <strong>Defensive Abilities</strong> unflankable.</span></p>"
		},
		"Unliving (Ex)": {
			"name": "Unliving (Ex)",
			"description": "<p>The creature has no Constitution score or modifier. Any DCs or other statistics that rely on a Constitution score treat the creature as having a score of 10 (+0). The creature is immediately destroyed when it reaches 0 Hit Points. An unliving creature doesn&rsquo;t heal damage naturally, but a construct can be repaired with the right tools. Spells such as @Compendium[sfrpg.spells.fiFr41dYjlAxJlwn]{Make Whole} can heal constructs, and magic effects can heal undead. An unliving creature with fast healing (see page 154) still benefits from that ability. Unliving creatures don&rsquo;t breathe, eat, or @Compendium[sfrpg.conditions.3iTdt2NRgIyrychR]{Sleep}. They can&rsquo;t be raised or resurrected, except through the use of miracle, wish, or a similar effect that specifically works on unliving creatures.</p>\n<p><span id=\"ctl00_MainContent_DataListRulesAll_ctl68_LabelName\"><em>Format</em>: <strong>Other Abilities</strong> unliving.</span></p>"
		},
		"Void Adaptation (Ex or Su)": {
			"name": "Void Adaptation (Ex or Su)",
			"description": "<p>Numerous creatures are inured to the void of outer space. A creature with void adaptation has the following abilities.</p>\n<ul>\n<li>Immunity to cosmic rays.</li>\n<li>Immunity to the environmental effects of vacuum.</li>\n<li>No breath (see page 152).</li>\n</ul>\n<p><span id=\"ctl00_MainContent_DataListRulesAll_ctl69_LabelName\"><em>Format</em>: <strong>Defensive Abilities</strong> void adaptation.</span></p>"
		},
		"Vortex (Ex or Su)": {
			"name": "Vortex (Ex or Su)",
			"description": "<p>A vortex ability works identically to the @Compendium[sfrpg.universal-creature-rules.PBm18GJedcid0XpT]{Whirlwind} ability, except the creature gains a swim speed instead of a fly speed, it can form only in a liquid (such as in water), it cannot leave a liquid medium, and it always blocks all vision within it and line of sight past it. In addition, carried creatures must have a swim speed in order to attempt a Reflex save to escape.</p>\n<p><span id=\"ctl00_MainContent_DataListRulesAll_ctl70_LabelName\"><em>Format</em>: <strong>Offensive Abilities</strong> vortex (4d6+8 B, DC 15, 1/day).</span></p>"
		},
		"Vulnerability (Ex or Su)": {
			"name": "Vulnerability (Ex or Su)",
			"description": "<p>The creature takes half again as much damage (+50%) when it takes damage of a specific type. Creatures with a vulnerability to an effect that doesn&rsquo;t deal damage instead take a &ndash;4 penalty to saves against spells and effects that cause or use the listed vulnerability (such as enchantments). Some creatures might suffer additional effects, as noted in their stat blocks.</p>\n<p><span id=\"ctl00_MainContent_DataListRulesAll_ctl71_LabelName\"><em>Format</em>: <strong>Weaknesses</strong> vulnerable to fire.</span></p>"
		},
		"Water Breathing (Ex)": {
			"name": "Water Breathing (Ex)",
			"description": "<p>The creature can breathe water. It can&rsquo;t breathe air unless it has the amphibious special ability (see page 152).</p>\n<p><span id=\"ctl00_MainContent_DataListRulesAll_ctl72_LabelName\"><em>Format</em>: <strong>Other Abilities</strong> water breathing.</span></p>"
		},
		"Whirlwind (Ex or Su)": {
			"name": "Whirlwind (Ex or Su)",
			"description": "<p>The creature can transform into a whirlwind. Unless otherwise specified, the creature can remain in whirlwind form for a number of rounds equal to half its CR. If the creature has a fly speed, it retains that in its whirlwind form. If it does not have a fly speed, it gains an extraordinary fly speed (with average maneuverability) equal to its base speed. A creature in whirlwind form can move freely into and through other creatures&rsquo; spaces, and it does not provoke attacks of opportunity as a result of its movement.</p>\n<p>The base of a creature in whirlwind form occupies a 5-foot square, and the whirlwind is twice as wide at its top as its base and has a height equal to four times the width of its base; this doesn&rsquo;t change the size category of the creature. If a creature is Large or larger, it can vary the size of its whirlwind form up to a maximum of a base equal to its normal space as a swift or move action. A creature in whirlwind form does not threaten any spaces around it, and it cannot make its normal attacks.</p>\n<p>If a creature in whirlwind form enters the space of another creature, that creature must succeed at a Fortitude save with the listed DC or take the whirlwind&rsquo;s listed damage. If the whirlwind covers all of the creature&rsquo;s space, the creature must also succeed at a Reflex save or be picked up by the whirlwind and carried along with it. A carried creature is @Compendium[sfrpg.conditions.MZ8OoH1GE9qDMyCD]{Flat-footed}, @Compendium[sfrpg.conditions.4AkWDHGM6gHDepHN]{Grappled}, and off-target, and it automatically takes the whirlwind&rsquo;s damage at the beginning of its turn. If the carried creature can fly, it can attempt a Reflex save as a move action, escaping on a successful save. If a carried creature does not escape, it can attempt a Fortitude save; if it succeeds, it can take any remaining actions it has on its turn (other than movement). On a failed save, the carried creature is unable to act until its next turn or until the whirlwind releases it.</p>\n<p>A creature in whirlwind form can carry up to two creatures of its size, with the total number it can carry doubling for every size category the affected creatures are smaller than the whirlwind. The creature in whirlwind form can eject a carried creature at any time during its turn, dropping the carried creature in a space of its choice adjacent to its position at the time of ejection. At the GM&rsquo;s discretion, if the whirlwind is in contact with dirt, gases, water, or other material that can be easily drawn into it, the whirlwind blocks all vision within it (including darkvision) and blocks line of sight through it.</p>\n<p>Guidelines: This ability is generally usable once per day, plus one additional time per day for every 5 CR the creature has. The amount of damage the whirlwind deals should be the same as the creature&rsquo;s standard melee damage. Whirlwinds normally deal bludgeoning damage.</p>\n<p><span id=\"ctl00_MainContent_DataListRulesAll_ctl73_LabelName\"><em>Format</em>: <strong>Offensive Abilities</strong> whirlwind (4d6+8 B, DC 15, 1/day).</span></p>\n<p><span id=\"ctl00_MainContent_DataListRulesAll_ctl73_LabelName\"><em>Guidelines</em>: This ability is generally usable once per day, plus one additional time per day for every 5 CR the creature has. The amount of damage the whirlwind deals should be the same as the creaturefs standard melee damage. Whirlwinds normally deal bludgeoning damage.</span></p>"
		}
	}
}