{
	"label": "Vaisseaux - Actions",
	"mapping": {
		"frName": "name",
		"frDescription": "data.description.value",
		"frSource": "data.source"
	},
	"entries": {
		"Improve Countermeasures": {
			"frName": "Amplification des contre-mesures",
			"frDescription": "<h2>Effet normal</h2><p>Si vous avez au moins 12 rangs en Informatique, vous pouvez tenter de tromper les syst&egrave;mes de ciblage ennemis et ceux des projectiles autonomes en d&eacute;pensant 1 point de pers&eacute;v&eacute;rance et en tentant un jet d&rsquo;Informatique. Le DD est &eacute;gal &agrave; 5 + 1,5 x l&rsquo;&eacute;chelon du vaisseau ennemi + ses bonus de contre-mesures d&eacute;fensives (voir page 299). Si vous r&eacute;ussissez, les canonniers &agrave; bord du vaisseau cibl&eacute; lancent deux d&eacute;s et prennent le moins bon r&eacute;sultat pour leurs tests de Canonnage au cours de ce round (y compris les tests pour les armes autonomes).</p><h2>Effet critique (en)</h2><p>Your powerful countermeasures send false signals to the enemy targeting systems. Gunners aboard the target starship also take a &ndash;2 penalty to gunnery checks during this round.</p>",
			"frSource": "RDB p.324"
		},
		"Broadside": {
			"frName": "Bordée",
			"frDescription": "<h2>Effet normal</h2><p>Au niveau 6, vous pouvez dépenser 1 point de persévérance pour faire feu avec toutes les armes situées sur un arc du vaisseau (y compris les armes montées sur des tourelles). Chaque arme peut cibler n’importe quel vaisseau dans cet arc. Toutes ces attaques subissent un malus de –2.</p>",
			"frSource": "RDB p.324"
		},
		"Patch": {
			"frName": "Bricolage",
			"frDescription": "<h2>Effet normal</h2><p>Vous pouvez bricoler un syst&egrave;me pour r&eacute;duire les effets d&rsquo;un &eacute;tat critique. Le nombre d&rsquo;actions et le DD du test d&rsquo;Ing&eacute;nierie requis pour bricoler le syst&egrave;me d&eacute;pendent de la s&eacute;v&eacute;rit&eacute; des d&eacute;g&acirc;ts comme cela est indiqu&eacute; dans la table plus loin.</p><p>Plusieurs ing&eacute;nieurs peuvent mettre leurs actions en commun en un m&ecirc;me round pour r&eacute;parer plus rapidement mais chacun d&rsquo;eux doit r&eacute;ussir le test d&rsquo;Ing&eacute;nierie pour que son action soit prise en compte pour le bricolage. Le nombre d&rsquo;actions n&eacute;cessaires peut &ecirc;tre r&eacute;duit de 1 (pour un minimum de 1 action) en augmentant le DD de 5 points. Si vous r&eacute;ussissez ce test, la s&eacute;v&eacute;rit&eacute; de l&rsquo;effet critique n&rsquo;est pas modifi&eacute;e mais elle est consid&eacute;r&eacute;e d&rsquo;un cran inf&eacute;rieur pour le reste du combat, pendant une heure ou jusqu&rsquo;&agrave; ce que le syst&egrave;me subisse de nouveaux d&eacute;g&acirc;ts critiques (ce qui annule le bricolage et augmente la s&eacute;v&eacute;rit&eacute; de l&rsquo;effet critique). Cette action peut &ecirc;tre effectu&eacute;e plus d&rsquo;une fois par round et ce test n&rsquo;est pas modifi&eacute; par des malus dus &agrave; des d&eacute;g&acirc;ts critiques inflig&eacute;s au r&eacute;acteur.</p><table><tbody><tr><td style=\"text-align: center;\"><strong> &Eacute;TAT CRITIQUE</strong></td><td style=\"text-align: center;\"><strong> ACTIONS POUR</strong><br /><strong>BRICOLER</strong></td><td style=\"text-align: center;\"><strong>DD</strong></td></tr><tr><td>Dysfonctionnement</td><td>1</td><td>10 + 1,5 x &eacute;chelon du vaisseau</td></tr><tr><td>D&eacute;faillant</td><td>2</td><td>15 + 1,5 x &eacute;chelon du vaisseau</td></tr><tr><td>D&eacute;truit</td><td>3</td><td>20 + 1,5 x &eacute;chelon du vaisseau</td></tr></tbody></table><h2>Effet critique (en)</h2><p>Your patch was especially robust. If the system takes critical damage again, it removes the patch but doesn&rsquo;t also apply additional critical damage.</p>",
			"frSource": "RDB p.323"
		},
		"Precise Targeting": {
			"frName": "Ciblage précis",
			"frDescription": "<h2>Effet normal</h2><p>Au niveau 12, vous pouvez effectuer une attaque extrêmement pré- cise en dépensant 1 point de persévérance et en utilisant une arme de votre vaisseau contre une seule cible. Si l’attaque touche, et que les boucliers de ce quadrant du vaisseau ennemi sont épuisés avant votre attaque, vous infligez des dégâts critiques à un système déterminé aléatoirement. Si l’attaque devait normalement infliger des dégâts critiques, ses éventuels effets critiques s’appliquent également (ce qui signifie que votre attaque peut potentiellement infliger plusieurs dégâts critiques ; à chaque fois, déterminez normalement quel système est affecté).</p>",
			"frSource": "RDB p.324"
		},
		"Target System": {
			"frName": "Ciblage système",
			"frDescription": "<h2>Effet normal</h2><p>Vous pouvez utiliser les d&eacute;tecteurs de votre vaisseau pour cibler un syst&egrave;me pr&eacute;cis sur un appareil ennemi. Cette action n&eacute;cessite que votre vaisseau dispose de d&eacute;tecteurs op&eacute;rationnels. Vous devez effectuer un test d&rsquo;Informatique en appliquant les modificateurs des d&eacute;tecteurs. Le DD est &eacute;gal &agrave; 5 + 1,5 x l&rsquo;&eacute;chelon du vaisseau ennemi + ses bonus de contre-mesures d&eacute;fensives (voir page 299). Si vous r&eacute;ussissez, choisissez un syst&egrave;me (r&eacute;acteur, propulseurs, syst&egrave;mes de survie, d&eacute;tecteurs ou armement). La prochaine attaque effectu&eacute;e par votre vaisseau qui touche le b&acirc;timent ennemi inflige un coup critique sur un 19 ou un 20 naturel. Si cette attaque inflige des d&eacute;g&acirc;ts critiques, elle affecte le syst&egrave;me choisi. Pour chaque autre &eacute;ventuel d&eacute;g&acirc;t critique du &agrave; l&rsquo;attaque, d&eacute;terminez le syst&egrave;me affect&eacute; normalement. Les d&eacute;tecteurs de votre vaisseau ne peuvent cibler qu&rsquo;un seul syst&egrave;me sp&eacute;cifique d&rsquo;un vaisseau ennemi &agrave; la fois, bien que cette action puisse &ecirc;tre utilis&eacute;e pour cibler des syst&egrave;mes sur plusieurs vaisseaux.</p><h2>Effet critique (en)</h2><p>Your sensors keep a continuous lock on the enemy starship. The effects of target system last until the start of the next round.</p>",
			"frSource": "RDB p.325"
		},
		"Orders": {
			"frName": "Commandement",
			"frDescription": "<h2>Effet normal</h2><p>Au niveau 6, vous pouvez accorder une action suppl&eacute;mentaire &agrave; un membre de l&rsquo;&eacute;quipage en d&eacute;pensant 1 point de pers&eacute;v&eacute;rance et en r&eacute;ussissant un test de comp&eacute;tence difficile au d&eacute;but de la phase au cours de laquelle le membre d&rsquo;&eacute;quipage agit normalement. Le type de test d&eacute;pend du r&ocirc;le de ce membre d&rsquo;&eacute;quipage : un test d&rsquo;Informatique pour un officier scientifique, un test d&rsquo;Ing&eacute;nierie pour un ing&eacute;nieur, un test de Canonnage (voir page 320) pour un canonnier et un test de Pilotage pour un pilote. Le DD du test est &eacute;gal &agrave; 15 + 1,5 x l&rsquo;&eacute;chelon de votre vaisseau.</p><p>Si le test r&eacute;ussit, le membre d&rsquo;&eacute;quipage peut effectuer deux actions ce round-ci (les deux au moment o&ugrave; il agirait normalement) mais il ne peut pas effectuer deux fois la m&ecirc;me. Vous ne pouvez utiliser cette action sur vous.</p><h2>Effet critique (en)</h2><p>You orders flow so naturally that you can take one additional captain crew action this turn.</p>",
			"frSource": "RDB p.322"
		},
		"Encourage": {
			"frName": "Encouragement",
			"frDescription": "<h2>Effet normal</h2><p>Vous pouvez encourager un autre membre de l&rsquo;&eacute;quipage pour lui conf&eacute;rer un bonus &agrave; son action. Cela fonctionne comme aider quelqu&rsquo;un (voir page 133), en accordant un bonus de +2 &agrave; un test requis pour une action si vous r&eacute;ussissez un test DD 10 en utilisant la m&ecirc;me comp&eacute;tence. Vous pouvez accorder le m&ecirc;me bonus en r&eacute;ussissant &agrave; la place un test de Diplomatie (DD = 15). Vous ne pouvez vous encourager vous-m&ecirc;me.</p><h2>Effet critique (en)</h2><p>You&rsquo;re able to select just the right motivation for your crew, increasing the bonus you grant to your crew members&rsquo; actions to +4.</p>",
			"frSource": "RDB p.322"
		},
		"Fire At Will": {
			"frName": "Feu à volonté",
			"frDescription": "<h2>Effet normal</h2><p>Vous pouvez utiliser jusqu’à deux armes du vaisseau quel que soit leur arc de tir. Chaque attaque est effectuée avec un malus de –4.</p>",
			"frSource": "RDB p.324"
		},
		"Stunt": {
			"frName": "Figure acrobatique",
			"frDescription": "<h2>Effet normal</h2><p>Vous pouvez tenter n&rsquo;importe laquelle des figures acrobatiques d&eacute;crites page 319. Reportez-vous &agrave; la description de ces man&oelig;uvres pour conna&icirc;tre le DD des tests de Pilotage requis et le r&eacute;sultat d&rsquo;un test r&eacute;ussi ou rat&eacute;.</p><h2>Effet critique (en)</h2><p>The results of a critical stunt action depend on the stunt being attempted.<br />Back Off: Your starship can move up to its full speed and make turns as normal for its maneuverability rating.<br />Barrel Roll: The sudden roll makes it difficult to target your starship. You also gain the effects of a successful evade stunt until the start of the next round.<br />Evade: You successfully anticipate your enemy&rsquo;s firing patterns. The stunt&rsquo;s circumstance bonus to your starship&rsquo;s AC and TL increases to +4.<br />Flip and Burn: With a flawlessly executed stunt, your starship can move up to its full speed (without turning) and rotate 180 degrees to face the aft edge at the end of the movement.<br />Flyby: You line up the shot perfectly. The gunner gains a +2 circumstance bonus to the gunnery check affected by this stunt.<br />Ramming Speed: You fly your ship fast and true. You gain a +2 circumstance bonus to the gunnery check to ram the target, and if you succeed, you deal additional damage to the target equal to your starship&rsquo;s tier.<br />Slide: You slide and rotate your starship simultaneously. At the end of the stunt&rsquo;s movement, your starship can turn once.</p><h2>Les figures acrobatiques</h2><p>Au lieu d&rsquo;effectuer un d&eacute;placement normal, les pilotes peuvent tenter des figures acrobatiques avec leurs vaisseaux (voir Figure acrobatique page 324) pour les pousser au-del&agrave; de leurs limites et faire des man&oelig;uvres audacieuses. Plusieurs figures affectent la classe d&rsquo;armure (CA) de votre vaisseau ainsi que son indice de verrouillage (IV).</p><h3>D&eacute;gagement</h3><p>Le vaisseau se d&eacute;place au maximum &agrave; sa vitesse dans la direction de son arc b&acirc;bord avant ou tribord avant sans changer d&rsquo;orientation. Pour effectuer cette figure, vous devez r&eacute;ussir un test de Pilotage (DD = 10 + 1,5 x l&rsquo;&eacute;chelon de votre vaisseau). Si vous ratez ce test, le vaisseau se d&eacute;place au maximum de la moiti&eacute; de sa vitesse en ligne droite et ne peut effectuer aucun virage.</p><h3>Esquive</h3><p>Le vaisseau se d&eacute;place au maximum de sa vitesse normale et peut virer normalement mais il b&eacute;n&eacute;ficie d&rsquo;un bonus circonstanciel de +2 &agrave; sa CA et &agrave; son IV jusqu&rsquo;au d&eacute;but du prochain round. Pour effectuer cette figure, vous devez r&eacute;ussir un test de Pilotage (DC = 10 + 1,5 x l&rsquo;&eacute;chelon de votre vaisseau). Si ce test &eacute;choue, le vaisseau se d&eacute;place normalement. Si vous &eacute;chouez d&rsquo;au moins 5 points, le vaisseau se d&eacute;place normalement mais subit un malus de &ndash;2 &agrave; sa CA et &agrave; son IV jusqu&rsquo;au d&eacute;but du prochain round.</p><h3>Passe tactique</h3><p>Le vaisseau se d&eacute;place normalement mais il peut se d&eacute;placer dans un hexagone occup&eacute; par un vaisseau ennemi sans provoquer une attaque gratuite (comme cela est indiqu&eacute; dans Se d&eacute;placer &agrave; travers des hexagones occup&eacute;s par des vaisseaux ennemis). Au cours de la prochaine Phase canonnage, vous pouvez choisir un arc de tir de votre vaisseau et utiliser les armes qui s&rsquo;y trouvent contre n&rsquo;importe quel quadrant du vaisseau ennemi comme si ce dernier &eacute;tait &agrave; port&eacute;e courte (la distance est de 1 hexagone). Pour effectuer cette figure, vous devez r&eacute;ussir un test de Pilotage (DD = 15 + 1,5 x l&rsquo;&eacute;chelon de votre vaisseau). Si vous ratez ce test, votre vaisseau se d&eacute;place comme indiqu&eacute; pr&eacute;c&eacute;demment mais vous suivez les r&egrave;gles normales pour attaquer (en vous basant sur la position finale de votre vaisseau et sa distance par rapport &agrave; l&rsquo;objectif). De plus, votre d&eacute;placement provoque une attaque gratuite de ce vaisseau ennemi.</p><h3>R&eacute;trocombustion</h3><p>Le vaisseau se d&eacute;place au maximum de la moiti&eacute; de sa vitesse dans la direction de sa poupe sans changer d&rsquo;orientation. Il peut virer pendant ce d&eacute;placement. Pour r&eacute;ussir cette man&oelig;uvre, il faut effectuer un test de Pilotage (DD = 10 + 1,5 x l&rsquo;&eacute;chelon de votre vaisseau). Si ce test &eacute;choue, votre vaisseau ne recule que d&rsquo;un seul hexagone. Si vous ratez ce test d&rsquo;au moins 5 points, votre vaisseau ne se d&eacute;place pas et subit un malus de &ndash;4 &agrave; sa CA et &agrave; son IV jusqu&rsquo;au d&eacute;but du prochain round.</p><h3>Tonneau</h3><p>Le vaisseau se d&eacute;place de la moiti&eacute; de sa vitesse au maximum et tourne autour de son axe central. Au cours de la prochaine Phase canonnage, les boucliers et les armes b&acirc;bord du vaisseau sont consid&eacute;r&eacute;s comme &eacute;tant install&eacute;s sur l&rsquo;arc tribord et vice versa. Le vaisseau reprend sa position normale au d&eacute;but du prochain round. Pour effectuer cette figure, votre vaisseau doit &ecirc;tre au maximum de taille G et vous devez r&eacute;ussir un test de Pilotage (DD = 10 + 1,5 x l&rsquo;&eacute;chelon de votre vaisseau). Si le test &eacute;choue, le vaisseau se d&eacute;place de la moiti&eacute; de sa vitesse mais il ne tourne pas sur lui-m&ecirc;me. Si vous ratez ce test d&rsquo;au moins 5 points, votre vaisseau se d&eacute;place de la moiti&eacute; de sa vitesse, ne tourne pas sur lui-m&ecirc;me et subit un malus de &ndash;4 &agrave; sa CA et &agrave; son IV jusqu&rsquo;au d&eacute;but du prochain round.</p><h3>Tourner sur place</h3><p>Le vaisseau ne se d&eacute;place pas mais vous pouvez choisir n&rsquo;importe quelle orientation. Si la man&oelig;uvrabilit&eacute; du vaisseau est d&eacute;plorable, il subit un malus de -4 &agrave; sa CA et &agrave; son IV jusqu&rsquo;au d&eacute;but du prochain round. S&rsquo;il a une man&oelig;uvrabilit&eacute; m&eacute;diocre, il subit un malus de -2 &agrave; sa CA et &agrave; son IV jusqu&rsquo;au d&eacute;but du prochain round. Les vaisseaux qui ont une man&oelig;uvrabilit&eacute; au moins bonne ne subissent aucun malus. Cette figure ne n&eacute;cessite aucun test de Pilotage.</p><h3>Volte-face</h3><p>Le vaisseau se d&eacute;place vers l&rsquo;avant de la moiti&eacute; de sa vitesse au maximum (sans tourner) et tourne de 180&deg; pour faire face au c&ocirc;t&eacute; de sa poupe &agrave; la fin de son mouvement. Pour effectuer cette figure, vous devez r&eacute;ussir un test de Pilotage (DD = 15 + 1,5 x l&rsquo;&eacute;chelon de votre vaisseau). Si vous ratez ce test, le vaisseau se d&eacute;place de la moiti&eacute; de sa vitesse vers l&rsquo;avant mais ne se retourne pas.</p>",
			"frSource": "RDB p.324"
		},
		"Glide": {
			"frName": "Glisse",
			"frDescription": "<h2>Effet normal</h2><p>Votre vaisseau peut se déplacer de la moitié de sa vitesse. Il peut virer au cours de ce déplacement mais la distance entre deux virages est augmentée de 2. Vous pouvez ajouter votre rang dans la compétence Pilotage à la CA et à l’IV du vaisseau pour ce round. Vous ne pouvez effectuer cette action que si aucune autre action de pilote n’a été effectuée au cours de la Phase manœuvre (y compris glisse).</p>",
			"frSource": "RDB p.326"
		},
		"Moving Speech": {
			"frName": "Inspiration",
			"frDescription": "<h2>Effet normal</h2><p>Au niveau 12, vous pouvez d&eacute;penser 1 point de pers&eacute;v&eacute;rance et utiliser votre action pour adresser un discours inspirant &agrave; votre &eacute;quipage au cours d&rsquo;une phase de combat. Vous devez r&eacute;ussir un test de Diplomatie (DD = 20 + 1,5 x l&rsquo;&eacute;chelon de votre vaisseau). Pour le restant de cette phase, vos alli&eacute;s peuvent lancer deux fois les d&eacute;s et choisir le meilleur r&eacute;sultat quand ils effectuent des actions d&rsquo;&eacute;quipage.</p><h2>Effet critique (en)</h2><p>The crew is so motivated by your speech that they also gain a +2 bonus to all checks that phase, as if you had successfully used the encourage action to aid them.</p>",
			"frSource": "RDB p.322"
		},
		"Demand": {
			"frName": "Instruction",
			"frDescription": "<h2>Effet normal</h2><p>Vous pouvez donner des instructions à un membre d’équipage pour qu’il soit plus performant. Vous accordez un bonus de +4 à une tâche précise en réussissant un test d’Intimidation (DD = 15 + 1,5 x l’échelon de votre vaisseau). Vous devez utiliser cette action avant le jet du test associé et vous ne pouvez octroyer ce bonus à un même personnage qu’une seule fois par combat. L’action instruction peut avoir des consé- quences négatives si elle est utilisée sur des PNJ et vous ne pouvez l’utiliser sur vous-même.</p><h2>Effet critique (en)</h2><p>Your demand echoes throughout the starship. You can attempt the demand crew action with the targeted character one additional time during the current starship combat.</p>",
			"frSource": "RDB p.322"
		},
		"Hold It Together": {
			"frName": "Maintenir l’intégrité",
			"frDescription": "<h2>Effet normal</h2><p>Vous pouvez maintenir un syst&egrave;me en &eacute;tat de fonctionnement en le modifiant et en le bricolant. Si vous r&eacute;ussissez un test d&rsquo;Ing&eacute;nierie (DD = 15 + 1,5 x l&rsquo;&eacute;chelon de votre vaisseau), vous pouvez choisir un syst&egrave;me ; on consid&egrave;re que la s&eacute;v&eacute;rit&eacute; de l&rsquo;effet critique affectant ce syst&egrave;me est inf&eacute;rieure de deux crans pour le reste du round (un syst&egrave;me d&eacute;truit subit juste un &eacute;tat de dysfonctionnement et un syst&egrave;me d&eacute;faillant ou dans un &eacute;tat de dysfonctionnement fonctionne comme s&rsquo;il n&rsquo;avait subi aucun effet critique). Ce test n&rsquo;est pas modifi&eacute; par des malus dus &agrave; des d&eacute;g&acirc;ts critiques inflig&eacute;s au r&eacute;acteur.</p><h2>Effet critique (en)</h2><p>Thanks to your inspired repairs, the system you worked on is treated as if its critical damage condition were two steps less severe (wrecked becomes glitching, whereas malfunctioning or glitching become undamaged) for 1d4 rounds.</p>",
			"frSource": "RDB p.323"
		},
		"Maneuver": {
			"frName": "Manœuvre",
			"frDescription": "<h2>Effet normal</h2><p>Vous d&eacute;placez votre vaisseau d&rsquo;un nombre maximum d&rsquo;hexagones &eacute;gal &agrave; sa vitesse. Vous pouvez aussi tenter un test de Pilotage (DD = 15 + 1,5 x l&rsquo;&eacute;chelon de votre vaisseau) pour r&eacute;duire de 1 la distance &agrave; parcourir entre deux virages (minimum 0).</p><h2>Effet critique (en)</h2><p>Fancy flying keeps you safe through incoming fire. You gain the effects of a successful evade stunt until the start of the next round.</p>",
			"frSource": "RDB p.324"
		},
		"Full Power": {
			"frName": "Pleine puissance",
			"frDescription": "<h2>Effet normal</h2><p>Si vous avez au moins 6 rangs en Pilotage, vous pouvez d&eacute;penser 1 point de pers&eacute;v&eacute;rance pour d&eacute;placer votre vaisseau &agrave; 1,5 x sa vitesse. Vous pouvez virer au cours de ce d&eacute;placement mais augmentez de 2 la distance entre chaque virage.</p><h2>Effet critique (en)</h2><p>You maintain steady control over your starship during its movement and add only 1 to your starship&rsquo;s distance between turns.</p>",
			"frSource": "RDB p.324"
		},
		"Fly": {
			"frName": "Propulsion",
			"frDescription": "<h2>Effet normal</h2><p>Vous déplacez votre vaisseau d’un nombre maximum d’hexagones égal à sa vitesse et vous pouvez virer librement en fonction de sa manœuvrabilité. Cette action ne nécessite pas de test de compétence.</p>",
			"frSource": "RDB p.324"
		},
		"Taunt": {
			"frName": "Provocation",
			"frDescription": "<h2>Effet normal</h2><p>Vous pouvez utiliser les syst&egrave;mes de communication du vaisseau pour envoyer un message provocateur &agrave; un vaisseau ennemi. Choisissez un vaisseau adverse et une phase du combat (ing&eacute;nierie, man&oelig;uvre ou canonnage) puis tentez un test de Bluff ou d&rsquo;Intimidation (DD = 15 + 1,5 x l&rsquo;&eacute;chelon du vaisseau ennemi). Si vous r&eacute;ussissez, tous les personnages ennemis agissant au cours de la phase choisie subissent un malus de &ndash;2 &agrave; tous leurs tests pendant 1d4 rounds ; le malus est de &ndash;4 si les tests ennemis sont effectu&eacute;s avec une action d&rsquo;optimisation. Une fois utilis&eacute;e contre un vaisseau ennemi, quel que soit le r&eacute;sultat, cette action ne peut plus &ecirc;tre utilis&eacute;e contre le m&ecirc;me vaisseau au cours du m&ecirc;me combat.</p><h2>Effet critique (en)</h2><p>Your strong words push just the right buttons. The penalty your taunt action applies to an enemy ship continues through all three phases of combat instead of just one.</p>",
			"frSource": "RDB p.323"
		},
		"Quick Fix": {
			"frName": "Rafistolage rapide",
			"frDescription": "<h2>Effet normal</h2><p>Si vous avez au moins 12 rangs en Ingénierie, vous pouvez tenter de réparer rapidement un système en dépensant 1 point de persévérance et en tentant un test d’Ingénierie (DD = 20 + 1,5 x l’échelon de votre vaisseau). Si vous réussissez, vous débarrassez un système de son état critique pendant 1 heure (lui permettant de fonctionner comme s’il n’avait pas subi de dégâts critiques) après quoi il doit être réparé normalement.</p>",
			"frSource": "RDB p.323"
		},
		"Balance": {
			"frName": "Rééquilibrage",
			"frDescription": "<h2>Effet normal</h2><p>Vous pouvez rééquilibrer les boucliers en redirigeant l’énergie d’un quadrant pour en protéger un autre. Avec un test réussi d’Informatique (DD = 10 + 1,5 x l’échelon de votre vaisseau), vous pouvez transférer des points de bouclier (PB) d’un quadrant vers un autre quadrant y compris vers un bouclier épuisé (après rééquilibrage, chaque bouclier doit avoir au moins 10 % du total actuel de points de boucliers). Vous pouvez aussi faire le total des PB de tous les boucliers restants et les répartir uniformément entre les quatre quadrants et attribuant les points en excès au quadrant de proue.</p><h2>Effet critique (en)</h2><p>While rebalancing the shields, you discover latent power in the shield systems. Before redistributing the Shield Points, you increase the total Shield Points by 5% of the starship&rsquo;s PCU rating, up to the shields&rsquo; maximum value.</p>",
			"frSource": "RDB p.324"
		},
		"Scan": {
			"frName": "Scan",
			"frDescription": "<h2>Effet normal</h2><p>Vous pouvez utiliser les d&eacute;tecteurs de votre vaisseau pour scanner un appareil ennemi afin d&rsquo;obtenir des informations. Cela n&eacute;cessite que votre vaisseau dispose de d&eacute;tecteurs op&eacute;rationnels (voir page 299). Vous devez tenter un test d&rsquo;Informatique, en appliquant les modificateurs des d&eacute;tecteurs du vaisseau. Vous pouvez tenter ce test sans &ecirc;tre form&eacute;. Le DD du test est &eacute;gal &agrave; 5 + 1,5 x l&rsquo;&eacute;chelon du vaisseau scann&eacute; + son bonus en contre-mesures d&eacute;fensives (voir page 299). Si ce test est r&eacute;ussi, vous obtenez la premi&egrave;re information inconnue de la liste suivante. Par tranche de 5 points sup&eacute;rieure au DD du test, vous obtenez une information suppl&eacute;mentaire. D&rsquo;autres tests permettent d&rsquo;obtenir d&rsquo;autres informations de la liste.</p><ol><li><strong> Informations de base :</strong> le nombre de membres d&rsquo;&eacute;quipage vivants du vaisseau, la classification du vaisseau, sa taille, sa vitesse et sa man&oelig;uvrabilit&eacute;.</li><li><strong>D&eacute;fenses :</strong> CA, IV, points de vie maximum et actuels, points de bouclier maximum et actuels dans chaque quadrant et valeur d&rsquo;UE du r&eacute;acteur.</li><li><strong>Armement :</strong> des informations au sujet d&rsquo;une arme, y compris son arc de tir et les d&eacute;g&acirc;ts qu&rsquo;elle inflige, en commen&ccedil;ant par l&rsquo;arme qui consomme le plus d&rsquo;UE. Continuez &agrave; donner des informations sur les armes jusqu&rsquo;&agrave; ce que toutes celles dont dispose le vaisseau aient &eacute;t&eacute; r&eacute;v&eacute;l&eacute;es.</li><li><strong>Chargement :</strong> des informations sur les compartiments annexes du vaisseau et le chargement qu&rsquo;il transporte.</li><li><strong>Autre :</strong> les autres caract&eacute;ristiques du vaisseau.</li></ol><h2>Effet critique (en)</h2><p>Your insightful scans reveal a weakness in a random quadrant of the targeted starship. The next time one of your starship&rsquo;s weapons deals damage to the targeted starship&rsquo;s Hull Points, it has a 25% chance to also deal critical damage to a random system.</p>",
			"frSource": "RDB p.325"
		},
		"Overpower": {
			"frName": "Suralimentation",
			"frDescription": "<h2>Effet normal</h2><p>Si vous avez au moins 6 rangs en Ing&eacute;nierie, vous pouvez d&eacute;penser 1 point de pers&eacute;v&eacute;rance et tenter un test d&rsquo;Ing&eacute;nierie (DD = 15 + 1,5 x l&rsquo;&eacute;chelon de votre vaisseau) pour pousser un syst&egrave;me au-del&agrave; de ses limites. Si vous r&eacute;ussissez, cela fonctionne comme une action de transfert mais vous pouvez rediriger l&rsquo;&eacute;nergie suppl&eacute;mentaire vers trois des syst&egrave;mes indiqu&eacute;s pour cette action. Cette action et l&rsquo;action transfert ne peuvent &ecirc;tre r&eacute;alis&eacute;es le m&ecirc;me round.</p><h2>Effet critique (en)</h2><p>Choose one of the three systems to which you diverted extra power. One of those systems also receives the Effet critique (en) benefit of the divert action.</p>",
			"frSource": "RDB p.324"
		},
		"Audacious Gambit": {
			"frName": "Tactique audacieuse",
			"frDescription": "<h2>Effet normal</h2><p>Si vous avez un rang d&rsquo;au moins 12 en Pilotage, vous pouvez d&eacute;- penser 1 point de pers&eacute;v&eacute;rance pour tenter un test de Pilotage (DD = 20 + 1,5 x l&rsquo;&eacute;chelon de votre vaisseau) afin d&rsquo;effectuer des man&oelig;uvres complexes. Vous pouvez d&eacute;placer votre vaisseau d&rsquo;un nombre maximum d&rsquo;hexagones &eacute;gal &agrave; sa vitesse ; vous pouvez virer au cours de ce d&eacute;placement mais en r&eacute;duisant de 2 la distance entre chaque virage (minimum 0). Vous pouvez traverser des hexagones occup&eacute;s par des appareils ennemis sans provoquer d&rsquo;attaques d&rsquo;opportunit&eacute;. &Agrave; la fin du d&eacute;placement de votre appareil, vous pouvez orienter votre vaisseau dans n&rsquo;importe quelle direction. Si vous ratez ce test, vous vous d&eacute;placez comme si vous aviez effectu&eacute; l&rsquo;action propulsion (mais vous perdez tout de m&ecirc;me votre point de pers&eacute;v&eacute;rance).</p><h2>Effet critique (en)</h2><p>Your incredible maneuvering leaves enemy gunners confounded. You gain a +4 circumstance bonus to your ship&rsquo;s AC and TL until the start of the next round.</p>",
			"frSource": "RDB p.324"
		},
		"Shoot": {
			"frName": "Tir",
			"frDescription": "<h2>Effet normal</h2><p>Vous pouvez utiliser une des armes de votre vaisseau. Si vous utilisez une arme installée dans une tourelle, vous pouvez cibler un vaisseau dans n’importe quel arc.</p>",
			"frSource": "RDB p.324"
		},
		"Snap Shot": {
			"frName": "Tir à la volée",
			"frDescription": "<h2>Effet normal</h2><p>Vous pouvez utiliser une arme de votre vaisseau avec un malus de -2 au test de Canonnage. Vous ne pouvez effectuer cette action que si aucune autre action de canonnier n’a été effectuée au cours de la Phase de canonnage (y compris tir à la volée).</p>",
			"frSource": "RDB p.326"
		},
		"Divert": {
			"frName": "Transfert",
			"frDescription": "<h2>Effet normal</h2><p>Vous pouvez transf&eacute;rer de l&rsquo;&eacute;nergie auxiliaire vers un des syst&egrave;mes d&rsquo;un vaisseau pour l&rsquo;amplifier. Cela n&eacute;cessite de r&eacute;ussir un test d&rsquo;Ing&eacute;nierie (DD = 10 + 1,5 x l&rsquo;&eacute;chelon de votre vaisseau), et le r&eacute;sultat d&eacute;pend du syst&egrave;me vers lequel vous transf&eacute;rez cette &eacute;nergie. Si vous l&rsquo;envoyez vers les propulseurs, la vitesse de votre vaisseau augmente de 2 pour le round. Si vous l&rsquo;envoyez vers les &eacute;quipements scientifiques, tous les officiers scientifiques b&eacute;n&eacute;ficient d&rsquo;un bonus de +2 &agrave; leurs actions d&rsquo;&eacute;quipage ce round. Si vous l&rsquo;envoyez vers l&rsquo;armement du vaisseau, chaque 1 obtenu aux d&eacute;s de d&eacute;g&acirc;ts est consid&eacute;r&eacute; comme un 2 pour ce round. Si vous l&rsquo;envoyez vers les boucliers, r&eacute;g&eacute;n&eacute;rez un nombre de points de bouclier &eacute;gal &agrave; 5 % de l&rsquo;indice d&rsquo;UE du r&eacute;acteur du vaisseau (voir page 296) jusqu&rsquo;&agrave; la valeur maximale du bouclier. Vous pouvez distribuer les points de bouclier r&eacute;cup&eacute;r&eacute;s comme vous le souhaitez entre les diff&eacute;rents quadrants.</p><p>Exemple : votre vaisseau a un R&eacute;acteur Pulsion gris (100 UE) et des boucliers basiques 20. Apr&egrave;s quelques rounds de combat, votre bouclier est &agrave; 0 dans le quadrant de la proue, &agrave; 5 &agrave; b&acirc;bord, 3 &agrave; tribord et 1 dans le quadrant de la poupe. L&rsquo;ing&eacute;nieur r&eacute;ussit un transfert et r&eacute;g&eacute;n&egrave;re un total de 5 PB. Il peut attribuer ces points au quadrant de proue pour remonter le bouclier &agrave; 5, r&eacute;partir ces points entre deux sections, le quadrant de la proue qui passe &agrave; 3 et le quadrant tribord qui passe &agrave; 3 ou m&ecirc;me r&eacute;partir ces points entre tous les quadrants : proue 2, b&acirc;bord 6, tribord 4, et poupe 2.</p><h2>Effet critique (en)</h2><p>For a crucial moment, you far surpass the power core&rsquo;s potential output. The results of a critical divert action depend on where you decided to send the extra power.<br />Engines: You also divert power to the maneuvering thrusters, lowering the turn value of your starship by 1 this round.<br />Science Equipment: You&rsquo;re able to divert power in an efficient and balanced way. Science officers can roll their checks twice this round and use the better result.<br />Shields: You&rsquo;re able to efficiently route energy to the shields, doubling the number of Shield Points restored to 10% of the PCU rating of the starship&rsquo;s power core. If this would restore the shields over their maximum value, these excess Shield Points remain until the beginning of the next engineering phase, at which point any excess Shield Points are lost.<br />Starship Weapons: The augmented weapons run at maximum safe power. For your starship&rsquo;s weapons, treat each damage die roll that results in a 1 this round as having rolled the die&rsquo;s maximum result instead.</p>+",
			"frSource": "RDB p.324"
		},
		"Lock On": {
			"frName": "Verrouillage",
			"frDescription": "<h2>Effet normal</h2><p>Si vous avez au moins 6 rangs en Informatique, vous pouvez verrouiller les syst&egrave;mes de ciblage de votre vaisseau sur un vaisseau ennemi. Vous devez d&eacute;penser 1 point de pers&eacute;v&eacute;rance et tenter un test d&rsquo;Informatique. Le DD est &eacute;gal &agrave; 5 + 1,5 x l&rsquo;&eacute;chelon du vaisseau cibl&eacute; + son bonus de contre-mesures d&eacute;fensives (voir page 299). Si vous r&eacute;ussissez, les canonniers de votre vaisseau b&eacute;n&eacute;ficient d&rsquo;un bonus de +2 &agrave; leurs tests de Canonnage contre cette cible pour le reste du round. Cette action ne peut &ecirc;tre effectu&eacute;e qu&rsquo;une seule fois par round.</p><h2>Effet critique (en)</h2><p>Your weapon lock greatly improves your gunners&rsquo; accuracy. Until the start of the next round, any attacks by your starship score a critical hit on a natural roll of 19 or 20.</p>",
			"frSource": "RDB p.325"
		}
	}
}