{
	"label": "Etats",
	"mapping": {
		"name": "name",
		"description": "data.description.value",
		"source": "data.source"
	},
	"entries": [
		{
			"id": "Asleep",
			"name": "Endormi",
			"description": "<p>&gt;@Compendium[sfrpg.rules.0yJjfyvWg5pDLcVR]{Conditions}</p><hr /><p>Vous dormez et &ecirc;tes @Compendium[sfrpg.conditions.RxvbSB9ZgSCBu2jw]{Sans d&eacute;fense}. Tant que vous &ecirc;tes endormi, vous subissez un malus de -10 aux tests de Perception effectu&eacute;s pour rep&eacute;rer quelque chose. Si vous r&eacute;ussissez un test de Perception pour rep&eacute;rer quelque chose malgr&eacute; ce malus, vous vous r&eacute;veillez automatiquement. Vous pouvez &eacute;galement vous r&eacute;veiller si vous &ecirc;tes gifl&eacute; ou bless&eacute;. Un alli&eacute; peut vous r&eacute;veiller par une action simple.</p>",
			"source":"RDB p.275"
		},
		{
			"id": "Bleeding",
			"name": "Hémorragie",
			"description": "<p>&gt;@Compendium[sfrpg.rules.0yJjfyvWg5pDLcVR]{Conditions}</p><hr /><p>Vous subissez le montant de d&eacute;g&acirc;ts indiqu&eacute; chaque round, au d&eacute;but&nbsp;de votre tour, jusqu&rsquo;&agrave; disparition de cet &eacute;tat. Vous pouvez arr&ecirc;ter&nbsp;l&rsquo;h&eacute;morragie en r&eacute;ussissant un test de M&eacute;decine DD 15 par une action&nbsp;simple ou gr&acirc;ce &agrave; l&rsquo;utilisation d&rsquo;un pouvoir qui restaure les points de&nbsp;vie. Si vous subissez deux effets d&rsquo;h&eacute;morragie ou plus, vous n&rsquo;encaissez&nbsp;que les d&eacute;g&acirc;ts de l&rsquo;effet le plus s&eacute;v&egrave;re.</p>",
			"source":"RDB p.276"
		},
		{
			"id": "Blinded",
			"name": "Aveuglé",
			"description": "<p>@Compendium[sfrpg.rules.0yJjfyvWg5pDLcVR]{Conditions} Vous ne voyez plus rien. Vous êtes @Compendium[sfrpg.conditions.MZ8OoH1GE9qDMyCD]{Pris au dépourvu} et subissez un malus de -4 à la plupart des tests de compétence basés sur la Force et la Dextérité, ainsi qu’aux tests de Perception opposés. Tous les tests et activités qui dépendent de la perception visuelle (la lecture et les tests de Perception basés sur la vue, par exemple) ratent automatiquement. Vous ne pouvez pas observer d’autres créatures, ce qui signifie (entre autres choses) qu’elles bénéficient toutes d’un camouflage total (50 % de chances de rater ; voir page 253) à votre encontre. Vous devez réussir un test d’Acrobaties DD 10 si vous vous déplacez à une vitesse supérieure à la moitié de votre vitesse de déplacement. Vous tombez à terre si vous ratez ce test. Les personnages longtemps aveuglés commencent à s’habituer à ces inconvénients et peuvent en surmonter certains. Les créatures aveuglées mais dotées d’un sens précis (voir page 260) autre que la perception visuelle ratent automatiquement tous les tests et activités basés sur la vue mais ne subissent aucun des autres effets.</p>",
			"source":"RDB p.273"
		},
		{
			"id": "Broken (Armor)",
			"name": "Cassé (armure)",
			"description": "<p>&gt;@Compendium[sfrpg.rules.IBhv8b5jBFbVIYUR]{Cass&eacute;}</p><hr /><p>Les objets ayant subi un montant de d&eacute;g&acirc;ts sup&eacute;rieur &agrave; la moiti&eacute; de&nbsp;leur total de points de r&eacute;sistance obtiennent l&rsquo;&eacute;tat cass&eacute;, ce qui signifie&nbsp;qu&rsquo;ils sont moins efficaces pour accomplir les t&acirc;ches auxquelles ils&nbsp;sont destin&eacute;s. L&rsquo;&eacute;tat cass&eacute; engendre les effets suivants, en fonction&nbsp;de l&rsquo;objet en question. Vous trouverez les informations sur la solidit&eacute;&nbsp;et les points de r&eacute;sistance des armes et des armures &agrave; la page 409.</p><hr /><p>Si l&rsquo;objet est une <strong>armure</strong>, les bonus qu&rsquo;il conf&egrave;re &agrave; la CA sont diminu&eacute;s&nbsp;de moiti&eacute;, arrondis &agrave; l&rsquo;inf&eacute;rieur. On multiplie par deux le malus&nbsp;d&rsquo;armure aux tests de comp&eacute;tence des armures cass&eacute;es.</p><hr /><p>Les objets affubl&eacute;s de l&rsquo;&eacute;tat cass&eacute;, quel que soit leur type, peuvent&nbsp;&ecirc;tre revendus pour la moiti&eacute; de leur prix de revente normal (g&eacute;n&eacute;ralement&nbsp;5 % du prix d&rsquo;achat de l&rsquo;objet). Un objet peut &ecirc;tre r&eacute;par&eacute; avec le&nbsp;sort de r&eacute;paration ou de r&eacute;paration int&eacute;grale lanc&eacute; par un personnage&nbsp;dont le niveau de lanceur de sorts est &eacute;gal ou sup&eacute;rieur au niveau de&nbsp;l&rsquo;objet.</p><p>Les objets perdent l&rsquo;&eacute;tat cass&eacute; si le sort permet &agrave; l&rsquo;objet de&nbsp;r&eacute;cup&eacute;rer la moiti&eacute; ou plus de son nombre de points de vie d&rsquo;origine.</p><hr /><p>Il est &eacute;galement possible de r&eacute;parer les objets magiques avec la&nbsp;comp&eacute;tence de Mysticisme (voir page 144 pour plus d&rsquo;informations)&nbsp;et les objets technologiques avec la comp&eacute;tence d&rsquo;Ing&eacute;nierie (voir&nbsp;page 142 pour plus d&rsquo;informations). On peut r&eacute;parer les objets hybrides&nbsp;avec l&rsquo;une ou l&rsquo;autre de ces comp&eacute;tences.</p><p>La plupart des r&eacute;parateurs&nbsp;d&rsquo;objets magiques ou technologiques font payer 10 % du prix&nbsp;d&rsquo;achat d&rsquo;origine de l&rsquo;objet pour r&eacute;parer ces d&eacute;g&acirc;ts (ou plus si l&rsquo;objet&nbsp;est d&eacute;truit ou s&eacute;v&egrave;rement endommag&eacute;).</p>",
			"source":"RDB p.273"
		},
		{
			"id": "Broken (Tool or Aug)",
			"name": "Cassé (objet ou augmentation)",
			"description": "<p>&gt;@Compendium[sfrpg.rules.IBhv8b5jBFbVIYUR]{Cass&eacute;}</p><hr /><p>Les objets ayant subi un montant de d&eacute;g&acirc;ts sup&eacute;rieur &agrave; la moiti&eacute; de&nbsp;leur total de points de r&eacute;sistance obtiennent l&rsquo;&eacute;tat cass&eacute;, ce qui signifie&nbsp;qu&rsquo;ils sont moins efficaces pour accomplir les t&acirc;ches auxquelles ils&nbsp;sont destin&eacute;s. L&rsquo;&eacute;tat cass&eacute; engendre les effets suivants, en fonction&nbsp;de l&rsquo;objet en question. Vous trouverez les informations sur la solidit&eacute;&nbsp;et les points de r&eacute;sistance des armes et des armures &agrave; la page 409.</p><hr /><p>Si l&rsquo;objet est un <strong>outil </strong>ou un <strong>&eacute;quipement cybern&eacute;tique</strong> ou <strong>biotech </strong>qui&nbsp;conf&egrave;re un bonus aux tests de caract&eacute;ristique, aux jets de sauvegarde,&nbsp;aux tests de comp&eacute;tence ou &agrave; la vitesse de d&eacute;placement (y compris&nbsp;aux autres cat&eacute;gories de vitesse de d&eacute;placement), ces bonus sont diminu&eacute;s&nbsp;de moiti&eacute;, arrondis &agrave; l&rsquo;inf&eacute;rieur (0 au minimum).</p><hr /><p>Les objets affubl&eacute;s de l&rsquo;&eacute;tat cass&eacute;, quel que soit leur type, peuvent&nbsp;&ecirc;tre revendus pour la moiti&eacute; de leur prix de revente normal (g&eacute;n&eacute;ralement&nbsp;5 % du prix d&rsquo;achat de l&rsquo;objet). Un objet peut &ecirc;tre r&eacute;par&eacute; avec le&nbsp;sort de r&eacute;paration ou de r&eacute;paration int&eacute;grale lanc&eacute; par un personnage&nbsp;dont le niveau de lanceur de sorts est &eacute;gal ou sup&eacute;rieur au niveau de&nbsp;l&rsquo;objet.</p><p>Les objets perdent l&rsquo;&eacute;tat cass&eacute; si le sort permet &agrave; l&rsquo;objet de&nbsp;r&eacute;cup&eacute;rer la moiti&eacute; ou plus de son nombre de points de vie d&rsquo;origine.</p><hr /><p>Il est &eacute;galement possible de r&eacute;parer les objets magiques avec la&nbsp;comp&eacute;tence de Mysticisme (voir page 144 pour plus d&rsquo;informations)&nbsp;et les objets technologiques avec la comp&eacute;tence d&rsquo;Ing&eacute;nierie (voir&nbsp;page 142 pour plus d&rsquo;informations). On peut r&eacute;parer les objets hybrides&nbsp;avec l&rsquo;une ou l&rsquo;autre de ces comp&eacute;tences.</p><p>La plupart des r&eacute;parateurs d&rsquo;objets magiques ou technologiques font payer 10 % du prix d&rsquo;achat d&rsquo;origine de l&rsquo;objet pour r&eacute;parer ces d&eacute;g&acirc;ts (ou plus si l&rsquo;objet est d&eacute;truit ou s&eacute;v&egrave;rement endommag&eacute;).</p>",
			"source":"RDB p.273"
		},
		{
			"id": "Broken (Vehicle)",
			"name": "Cassé (véhicule)",
			"description": "<p>&gt;@Compendium[sfrpg.rules.IBhv8b5jBFbVIYUR]{Cass&eacute;}</p><hr /><p>Les objets ayant subi un montant de d&eacute;g&acirc;ts sup&eacute;rieur &agrave; la moiti&eacute; de&nbsp;leur total de points de r&eacute;sistance obtiennent l&rsquo;&eacute;tat cass&eacute;, ce qui signifie&nbsp;qu&rsquo;ils sont moins efficaces pour accomplir les t&acirc;ches auxquelles ils&nbsp;sont destin&eacute;s. L&rsquo;&eacute;tat cass&eacute; engendre les effets suivants, en fonction&nbsp;de l&rsquo;objet en question. Vous trouverez les informations sur la solidit&eacute;&nbsp;et les points de r&eacute;sistance des armes et des armures &agrave; la page 409.</p><hr /><p>Si l&rsquo;objet est un <strong>v&eacute;hicule</strong>, il subit un malus de -2 &agrave; sa CA et au DD&nbsp;des collisions, son modificateur de Pilotage est r&eacute;duit de 2, et sa vitesse&nbsp;de d&eacute;placement normale ainsi que son km/h sont diminu&eacute;s de&nbsp;moiti&eacute;. (Voir la page 228 au chapitre 7 pour plus d&rsquo;informations sur les&nbsp;v&eacute;hicules cass&eacute;s et d&eacute;truits.)</p><hr /><p>Les objets affubl&eacute;s de l&rsquo;&eacute;tat cass&eacute;, quel que soit leur type, peuvent&nbsp;&ecirc;tre revendus pour la moiti&eacute; de leur prix de revente normal (g&eacute;n&eacute;ralement&nbsp;5 % du prix d&rsquo;achat de l&rsquo;objet). Un objet peut &ecirc;tre r&eacute;par&eacute; avec le&nbsp;sort de r&eacute;paration ou de r&eacute;paration int&eacute;grale lanc&eacute; par un personnage&nbsp;dont le niveau de lanceur de sorts est &eacute;gal ou sup&eacute;rieur au niveau de&nbsp;l&rsquo;objet.</p><p>Les objets perdent l&rsquo;&eacute;tat cass&eacute; si le sort permet &agrave; l&rsquo;objet de&nbsp;r&eacute;cup&eacute;rer la moiti&eacute; ou plus de son nombre de points de vie d&rsquo;origine.</p><hr /><p>Il est &eacute;galement possible de r&eacute;parer les objets magiques avec la&nbsp;comp&eacute;tence de Mysticisme (voir page 144 pour plus d&rsquo;informations)&nbsp;et les objets technologiques avec la comp&eacute;tence d&rsquo;Ing&eacute;nierie (voir&nbsp;page 142 pour plus d&rsquo;informations). On peut r&eacute;parer les objets hybrides&nbsp;avec l&rsquo;une ou l&rsquo;autre de ces comp&eacute;tences.</p><p>La plupart des r&eacute;parateurs d&rsquo;objets magiques ou technologiques font payer 10 % du prix d&rsquo;achat d&rsquo;origine de l&rsquo;objet pour r&eacute;parer ces d&eacute;g&acirc;ts (ou plus si l&rsquo;objet est d&eacute;truit ou s&eacute;v&egrave;rement endommag&eacute;).</p>",
			"source":"RDB p.273"
		},
		{
			"id": "Broken (Weapon)",
			"name": "Cassé (arme)",
			"description": "<p>&gt;@Compendium[sfrpg.rules.IBhv8b5jBFbVIYUR]{Cass&eacute;}</p><hr /><p>Les objets ayant subi un montant de d&eacute;g&acirc;ts sup&eacute;rieur &agrave; la moiti&eacute; de&nbsp;leur total de points de r&eacute;sistance obtiennent l&rsquo;&eacute;tat cass&eacute;, ce qui signifie&nbsp;qu&rsquo;ils sont moins efficaces pour accomplir les t&acirc;ches auxquelles ils&nbsp;sont destin&eacute;s. L&rsquo;&eacute;tat cass&eacute; engendre les effets suivants, en fonction&nbsp;de l&rsquo;objet en question. Vous trouverez les informations sur la solidit&eacute;&nbsp;et les points de r&eacute;sistance des armes et des armures &agrave; la page 409.</p><hr /><p>Si l&rsquo;objet est une arme, les attaques effectu&eacute;es avec elle subissent&nbsp;un malus de -2 aux jets d&rsquo;attaque et de d&eacute;g&acirc;ts. Ces armes ne peuvent&nbsp;pas infliger des effets de critique suppl&eacute;mentaires en cas de coup critique&nbsp;r&eacute;ussi mais infligent toujours des d&eacute;g&acirc;ts doubl&eacute;s.</p><hr /><p>Les objets affubl&eacute;s de l&rsquo;&eacute;tat cass&eacute;, quel que soit leur type, peuvent&nbsp;&ecirc;tre revendus pour la moiti&eacute; de leur prix de revente normal (g&eacute;n&eacute;ralement&nbsp;5 % du prix d&rsquo;achat de l&rsquo;objet). Un objet peut &ecirc;tre r&eacute;par&eacute; avec le&nbsp;sort de r&eacute;paration ou de r&eacute;paration int&eacute;grale lanc&eacute; par un personnage&nbsp;dont le niveau de lanceur de sorts est &eacute;gal ou sup&eacute;rieur au niveau de&nbsp;l&rsquo;objet.</p><p>Les objets perdent l&rsquo;&eacute;tat cass&eacute; si le sort permet &agrave; l&rsquo;objet de&nbsp;r&eacute;cup&eacute;rer la moiti&eacute; ou plus de son nombre de points de vie d&rsquo;origine.</p><hr /><p>Il est &eacute;galement possible de r&eacute;parer les objets magiques avec la&nbsp;comp&eacute;tence de Mysticisme (voir page 144 pour plus d&rsquo;informations)&nbsp;et les objets technologiques avec la comp&eacute;tence d&rsquo;Ing&eacute;nierie (voir&nbsp;page 142 pour plus d&rsquo;informations). On peut r&eacute;parer les objets hybrides&nbsp;avec l&rsquo;une ou l&rsquo;autre de ces comp&eacute;tences.</p><p>La plupart des r&eacute;parateurs d&rsquo;objets magiques ou technologiques font payer 10 % du prix d&rsquo;achat d&rsquo;origine de l&rsquo;objet pour r&eacute;parer ces d&eacute;g&acirc;ts (ou plus si l&rsquo;objet est d&eacute;truit ou s&eacute;v&egrave;rement endommag&eacute;).</p>",
			"source":"RDB p.273"
		},
		{
			"id": "Burning",
			"name": "Enflammé",
			"description": "<p>&gt;@Compendium[sfrpg.rules.0yJjfyvWg5pDLcVR]{Conditions}</p><hr /><p>Vous avez pris feu.</p><p>Tant que vous avez cet &eacute;tat, chaque round au&nbsp;d&eacute;but de votre tour, avant de faire vos actions (ou de tenter le jet de&nbsp;sauvegarde de R&eacute;flexes d&eacute;crit ci-dessous), vous subissez le montant de d&eacute;g&acirc;ts de feu indiqu&eacute; (ou 1d6 d&eacute;g&acirc;ts de feu si l&rsquo;effet &agrave; l&rsquo;origine de&nbsp;l&rsquo;&eacute;tat enflamm&eacute; n&rsquo;indique aucun montant). Les d&eacute;g&acirc;ts de feu provenant&nbsp;de plusieurs sources infligeant l&rsquo;&eacute;tat enflamm&eacute; sont cumulatifs.&nbsp;</p><p>&Agrave; la fin de chaque round pendant lequel vous &ecirc;tes enflamm&eacute;, vous&nbsp;pouvez effectuer un jet de R&eacute;flexes pour supprimer cet &eacute;tat. Le DD&nbsp;de ce jet de sauvegarde est &eacute;gal &agrave; 10 + le montant de d&eacute;g&acirc;ts de feu&nbsp;inflig&eacute;s par l&rsquo;&eacute;tat enflamm&eacute; lors du round en cours. Si vous r&eacute;ussissez&nbsp;ce jet de sauvegarde, l&rsquo;&eacute;tat enflamm&eacute; dispara&icirc;t. Vous pouvez effectuer&nbsp;un nouveau jet de sauvegarde chaque round pendant lequel vous avez&nbsp;cet &eacute;tat et vous b&eacute;n&eacute;ficiez d&rsquo;un bonus de +2 pour chaque jet de sauvegarde&nbsp;que vous avez effectu&eacute; lors des rounds cons&eacute;cutifs pr&eacute;c&eacute;dents.&nbsp;Vous pouvez &eacute;galement mettre automatiquement fin &agrave; cet &eacute;tat en&nbsp;plongeant dans une quantit&eacute; d&rsquo;eau suffisante. S&rsquo;il n&rsquo;y a pas assez d&rsquo;eau&nbsp;&agrave; disposition, vous pouvez passer une action complexe &agrave; vous rouler&nbsp;par terre ou &agrave; &eacute;touffer le feu d&rsquo;une mani&egrave;re ou d&rsquo;une autre pour effectuer&nbsp;un nouveau jet de sauvegarde avec un bonus de +4 (plus les &eacute;ventuels&nbsp;bonus conf&eacute;r&eacute;s par les tentatives pr&eacute;c&eacute;dentes et cons&eacute;cutives&nbsp;rat&eacute;es) et mettre un terme &agrave; l&rsquo;&eacute;tat en cas de r&eacute;ussite.</p>",
			"source":"RDB p.275"
		},
		{
			"id": "Confused",
			"name": "Confus",
			"description": "<p>&gt;@Compendium[sfrpg.rules.0yJjfyvWg5pDLcVR]{Conditions}</p><hr /><p>Votre esprit est embrouill&eacute; et vous ne pouvez plus agir normalement. Vous ne parvenez plus &agrave; distinguer vos alli&eacute;s de vos ennemis&nbsp;et consid&eacute;rez, par cons&eacute;quent, toutes les cr&eacute;atures comme des ennemis,&nbsp;m&ecirc;me vos plus proches amis ou les membres de votre famille. Un&nbsp;alli&eacute; qui souhaite vous lancer un sort b&eacute;n&eacute;fique dont la port&eacute;e est au&nbsp;contact doit r&eacute;ussir un jet d&rsquo;attaque contre votre classe d&rsquo;armure &eacute;nerg&eacute;tique&nbsp;car vous n&rsquo;&ecirc;tes plus consid&eacute;r&eacute; comme une cible volontaire. Si&nbsp;vous &ecirc;tes attaqu&eacute; alors que vous &ecirc;tes confus, vous attaquez toujours&nbsp;la derni&egrave;re cr&eacute;ature qui vous a agress&eacute; jusqu&rsquo;&agrave; ce qu&rsquo;elle soit morte&nbsp;ou hors de vue, sauf s&rsquo;il vous est impossible de l&rsquo;attaquer pendant&nbsp;le round en cours pour une raison ou une autre. Tant que vous &ecirc;tes&nbsp;confus, vous ne pouvez pas faire d&rsquo;attaques d&rsquo;opportunit&eacute; contre les&nbsp;cr&eacute;atures ou les choses qui ne sont pas d&eacute;j&agrave; la cible de vos attaques.</p><p>Si vous n&rsquo;&ecirc;tes pas d&eacute;j&agrave; en train d&rsquo;attaquer une cible, faites un jet sur&nbsp;la table suivante chaque round au d&eacute;but de votre tour pour savoir ce&nbsp;que vous faites lors du round en cours.</p><table><tbody><tr><td>[[/r 1d100 #Confusion Table % Result]]</td><td><strong>COMPORTEMENT</strong></td></tr><tr><td>1&ndash;25</td><td>Vous agissez normalement.</td></tr><tr><td>26&ndash;50</td><td>Vous ne faites rien, &agrave; part bredouiller des incoh&eacute;rences.</td></tr><tr><td>51&ndash;75</td><td>Vous vous infligez 1d8 + modificateur de For d&eacute;g&acirc;ts avec un objet quevous avez en main.</td></tr><tr><td>76&ndash;100</td><td>Vous attaquez la cr&eacute;ature la plus proche.</td></tr></tbody></table><p>Si vous ne pouvez pas accomplir l&rsquo;action indiqu&eacute;e, vous ne faites&nbsp;rien, &agrave; part bredouiller des incoh&eacute;rences. Vos opposants ne b&eacute;n&eacute;ficient&nbsp;d&rsquo;aucun avantage particulier lorsqu&rsquo;ils vous attaquent.</p>",
			"source":"RDB p.274"
		},
		{
			"id": "Cowering",
			"name": "Recroquevillé",
			"description": "<p>&gt;@Compendium[sfrpg.rules.0yJjfyvWg5pDLcVR]{Conditions}</p><hr /><p>Vous &ecirc;tes paralys&eacute; par la peur.</p><p>Vous &ecirc;tes @Compendium[sfrpg.conditions.MZ8OoH1GE9qDMyCD]{Pris au d&eacute;pourvu} et ne pouvez entreprendre aucune action.</p>",
			"source":"RDB p.277"
		},
		{
			"id": "Dazed",
			"name": "Hébété",
			"description": "<p>&gt;@Compendium[sfrpg.rules.0yJjfyvWg5pDLcVR]{Conditions}</p><hr /><p>Vous &ecirc;tes incapable d&rsquo;agir normalement. Vous ne pouvez entreprendre aucune action mais ne subissez aucun malus &agrave; la CA. L&rsquo;&eacute;tat h&eacute;b&eacute;t&eacute; dure g&eacute;n&eacute;ralement 1 round.</p>",
			"source":"RDB p.276"
		},
		{
			"id": "Dazzled",
			"name": "Ébloui",
			"description": "<p>&gt;@Compendium[sfrpg.rules.0yJjfyvWg5pDLcVR]{Conditions}</p><hr /><p>Votre perception visuelle est amoindrie &agrave; cause d&rsquo;une hyperstimulation&nbsp;de vos yeux. Vous subissez un malus de -1 aux jets d&rsquo;attaque et&nbsp;aux tests de Perception bas&eacute;s sur la vue.</p>",
			"source":"RDB p.275"
		},
		{
			"id": "Dead",
			"name": "Mort",
			"description": "<p>&gt;@Compendium[sfrpg.rules.0yJjfyvWg5pDLcVR]{Conditions}</p><p>&gt;@Compendium[sfrpg.conditions.4MxAK5uS0zMNWhUK]{Agonisant} + @Compendium[sfrpg.conditions.H51jmhxF9XuwDOE7]{Stabilis&eacute;} + @Compendium[sfrpg.conditions.lf8pbezocjYIvR9y]{Inconscient}</p><hr /><p>Vous &ecirc;tes mort lorsqu&rsquo;il vous reste 0 point de vie, que vous n&rsquo;&ecirc;tes pas&nbsp;stabilis&eacute; et que vous n&rsquo;avez plus aucun point de pers&eacute;v&eacute;rance alors que&nbsp;vous devriez en perdre &agrave; cause de votre &eacute;tat agonisant ou quand vous&nbsp;subissez des d&eacute;g&acirc;ts pendant que vous &ecirc;tes agonisant (voir Blessures et&nbsp;mort &agrave; partir de la page 250 pour plus d&rsquo;informations). Vous pouvez &eacute;galement&nbsp;mourir &agrave; cause d&rsquo;un affaiblissement temporaire de caract&eacute;ristique,&nbsp;d&rsquo;une diminution permanente de caract&eacute;ristique ou de niveaux n&eacute;gatifs&nbsp;(voir page 252), ou en subissant des d&eacute;g&acirc;ts massifs (voir page 250).&nbsp;</p><p>Lorsque vous &ecirc;tes mort, votre &acirc;me quitte votre corps et vous ne pouvez&nbsp;plus du tout agir. Vous ne pouvez plus recevoir de soins magiques&nbsp;ou ordinaires mais on peut vous ramener &agrave; la vie gr&acirc;ce &agrave; des moyens&nbsp;magiques ou technologiques capables d&rsquo;accomplir cet exploit. Votre&nbsp;corps mort se d&eacute;compose normalement &agrave; moins d&rsquo;&ecirc;tre conserv&eacute; mais&nbsp;les moyens utilis&eacute;s pour vous ramener &agrave; la vie restaurent &eacute;galement&nbsp;votre corps qui revient en pleine sant&eacute; ou dans l&rsquo;&eacute;tat qu&rsquo;il &eacute;tait au moment&nbsp;o&ugrave; vous avez succomb&eacute; (en fonction du sort ou de l&rsquo;objet qui vous&nbsp;a ramen&eacute; &agrave; la vie). Quelle que soit la m&eacute;thode utilis&eacute;e, la d&eacute;composition&nbsp;de votre corps, la rigidit&eacute; cadav&eacute;rique et les autres &eacute;tats qui affectent les&nbsp;cadavres ne sont plus un souci pour vous une fois ressuscit&eacute;.</p>",
			"source":"RDB p.276"
		},
		{
			"id": "Deafened",
			"name": "Assourdi",
			"description": "<p>&gt;@Compendium[sfrpg.rules.0yJjfyvWg5pDLcVR]{Conditions}</p><hr /><p>Vous n&rsquo;entendez plus rien.</p><p>Vous subissez un malus de -4 aux tests&nbsp;d&rsquo;initiative et aux tests de Perception oppos&eacute;s, et vous ratez automatiquement&nbsp;les tests de Perception bas&eacute;s sur l&rsquo;ou&iuml;e. Les personnages longtemps assourdis commencent &agrave; s&rsquo;habituer &agrave; ces inconv&eacute;nients et&nbsp;peuvent en surmonter certains.</p>",
			"source":"RDB p.273"
		},
		{
			"id": "Dying",
			"name": "Agonisant",
			"description": "<p>&gt;@Compendium[sfrpg.rules.0yJjfyvWg5pDLcVR]{Conditions}</p><p>&gt;@Compendium[sfrpg.conditions.nEJIWMKbPjqKuelo]{Mort} + @Compendium[sfrpg.conditions.H51jmhxF9XuwDOE7]{Stabilis&eacute;} + @Compendium[sfrpg.conditions.lf8pbezocjYIvR9y]{Inconscient}</p><hr /><p>Une cr&eacute;ature agonisante est @Compendium[sfrpg.conditions.lf8pbezocjYIvR9y]{Inconscient} et sur le point de mourir.</p><p>Les cr&eacute;atures avec 0 point de vie qui ne sont pas stabilis&eacute;es sont&nbsp;agonisantes. Une cr&eacute;ature agonisante ne peut plus entreprendre aucune&nbsp;action et perd 1 point de pers&eacute;v&eacute;rance chaque round &agrave; la fin de&nbsp;son tour, &agrave; moins qu&rsquo;elle ne parvienne &agrave; se stabiliser. Une cr&eacute;ature&nbsp;agonisante peut d&eacute;penser 3 PP pour se stabiliser et peut ensuite d&eacute;penser&nbsp;d&rsquo;autres PP lors d&rsquo;un round ult&eacute;rieur pour gagner 1 point de&nbsp;vie et poursuivre le combat. Se stabiliser ou b&eacute;n&eacute;ficier de soins qui&nbsp;remontent les points de vie au-dessus de 0 met fin &agrave; l&rsquo;&eacute;tat agonisant,&nbsp;tout comme la mort. Voir Blessures et mort &agrave; la page 250 pour plus&nbsp;d&rsquo;informations.</p>",
			"source":"RDB p.273"
		},
		{
			"id": "Encumbered",
			"name": "Encombré",
			"description": "<p>&gt;@Compendium[sfrpg.rules.0yJjfyvWg5pDLcVR]{Conditions}</p><hr /><p>Toutes vos vitesses de d&eacute;placement sont r&eacute;duites de 3 m&egrave;tres,&nbsp;votre bonus de Dext&eacute;rit&eacute; maximum &agrave; la CA est r&eacute;duit &agrave; +2 et vous&nbsp;subissez un malus de -5 aux tests bas&eacute;s sur la Force et la Dext&eacute;rit&eacute; (ou&nbsp;le malus d&rsquo;armure aux tests de votre armure s&rsquo;il est plus &eacute;lev&eacute;).</p>",
			"source":"RDB p.275"
		},
		{
			"id": "Entangled",
			"name": "Enchevêtré",
			"description": "<p>&gt;@Compendium[sfrpg.rules.0yJjfyvWg5pDLcVR]{Conditions}</p><hr /><p>Vous &ecirc;tes emp&ecirc;tr&eacute;.</p><p>Se retrouver enchev&ecirc;tr&eacute; r&eacute;duit vos mouvements&nbsp;mais ne vous emp&ecirc;che pas compl&egrave;tement de vous d&eacute;placer,&nbsp;sauf si les entraves sont fix&eacute;es &agrave; un objet immobile ou attach&eacute;es par&nbsp;une force oppos&eacute;e. Vous vous d&eacute;placez &agrave; la moiti&eacute; de votre vitesse de&nbsp;d&eacute;placement, vous ne pouvez plus courir ou charger et vous subissez&nbsp;un malus de -2 &agrave; la CA, aux jets d&rsquo;attaque, aux jets de sauvegarde de&nbsp;R&eacute;flexes, aux tests d&rsquo;initiative et aux tests de caract&eacute;ristique et de&nbsp;comp&eacute;tence bas&eacute;s sur la Dext&eacute;rit&eacute;.</p>",
			"source":"RDB p.275"
		},
		{
			"id": "Exhausted",
			"name": "Épuisé",
			"description": "<p>&gt;@Compendium[sfrpg.rules.0yJjfyvWg5pDLcVR]{Conditions}</p><hr /><p>Vous vous d&eacute;placez &agrave; la moiti&eacute; de votre vitesse, vous ne pouvez&nbsp;plus courir ou charger, et vous subissez un malus de -3 &agrave; la CA, aux&nbsp;jets d&rsquo;attaque, aux jets de d&eacute;g&acirc;ts au corps &agrave; corps, aux jets de d&eacute;g&acirc;ts&nbsp;des armes de jet, aux jets de sauvegarde de R&eacute;flexes, aux tests d&rsquo;initiative&nbsp;et aux tests de caract&eacute;ristique et de comp&eacute;tence bas&eacute;s sur la&nbsp;Force et la Dext&eacute;rit&eacute;. Le volume que vous pouvez transporter sans&nbsp;&ecirc;tre encombr&eacute; est r&eacute;duit de 3. Apr&egrave;s 1 heure de repos complet, vous&nbsp;devenez fatigu&eacute; &agrave; la place.</p>",
			"source":"RDB p.276"
		},
		{
			"id": "Fascinated",
			"name": "Fasciné",
			"description": "<p>&gt;@Compendium[sfrpg.rules.0yJjfyvWg5pDLcVR]{Conditions}</p><hr /><p>Vous &ecirc;tes captiv&eacute;.</p><p>Tant que vous avez l&rsquo;&eacute;tat fascin&eacute;, vous demeurez&nbsp;debout ou assis, ne pouvez faire aucune action autre que celle&nbsp;consistant &agrave; pr&ecirc;ter attention &agrave; l&rsquo;effet de votre fascination pendant&nbsp;toute sa dur&eacute;e. Vous subissez un malus de -4 aux tests de comp&eacute;tence&nbsp;effectu&eacute;s de mani&egrave;re passive en r&eacute;ponse &agrave; d&rsquo;autres actions, tels que&nbsp;les tests de Perception. Toute menace potentielle, telle qu&rsquo;une cr&eacute;ature&nbsp;hostile en approche, vous conf&egrave;re un nouveau jet de sauvegarde&nbsp;contre l&rsquo;effet de votre fascination. Toute menace &eacute;vidente, telle qu&rsquo;un&nbsp;individu qui d&eacute;gaine une arme, lance un sort ou vous vise avec une&nbsp;arme &agrave; distance, met automatiquement fin &agrave; l&rsquo;&eacute;tat.</p><p>Un alli&eacute; peut vous&nbsp;secouer pour vous lib&eacute;rer de l&rsquo;effet et mettre un terme &agrave; cet &eacute;tat par&nbsp;une action simple.</p>",
			"source":"RDB p.276"
		},
		{
			"id": "Fatigued",
			"name": "Fatigué",
			"description": "<p>&gt;@Compendium[sfrpg.rules.0yJjfyvWg5pDLcVR]{Conditions}</p><hr /><p>Vous ne pouvez plus courir ou charger, et vous subissez un malus&nbsp;de -1 &agrave; la CA, aux jets d&rsquo;attaque, aux jets de d&eacute;g&acirc;ts au corps &agrave; corps,&nbsp;aux jets de sauvegarde de R&eacute;flexes, aux tests d&rsquo;initiative et aux tests&nbsp;de caract&eacute;ristique et de comp&eacute;tence bas&eacute;s sur la Force et la Dext&eacute;rit&eacute;.</p><p>Le volume que vous pouvez transporter sans &ecirc;tre encombr&eacute;&nbsp;est r&eacute;duit de 1. Si vous &ecirc;tes fatigu&eacute; et que vous vous consacrez &agrave;&nbsp;une activit&eacute; qui devrait normalement provoquer de la fatigue, vous&nbsp;devenez &eacute;puis&eacute; &agrave; la place. Vous n&rsquo;&ecirc;tes plus fatigu&eacute; apr&egrave;s 8 heures de&nbsp;repos complet.</p>",
			"source":"RDB p.276"
		},
		{
			"id": "Flat-Footed",
			"name": "Pris au dépourvu",
			"description": "<p>&gt;@Compendium[sfrpg.rules.0yJjfyvWg5pDLcVR]{Conditions}</p><hr /><p>Au d&eacute;but d&rsquo;un combat, si vous &ecirc;tes surpris, vous &ecirc;tes &eacute;galement&nbsp;pris au d&eacute;pourvu jusqu&rsquo;au moment o&ugrave; vous devenez conscient du combat&nbsp;et que vous avez eu l&rsquo;occasion d&rsquo;agir. Vous pouvez &eacute;galement &ecirc;tre&nbsp;pris au d&eacute;pourvu par de nombreux autres effets. Vous subissez un&nbsp;malus de -2 &agrave; votre CA et ne pouvez pas effectuer de r&eacute;actions lorsque&nbsp;vous &ecirc;tes pris au d&eacute;pourvu.</p>",
			"source":"RDB p.277"
		},
		{
			"id": "Frightened",
			"name": "Effrayé",
			"description": "<p>&gt;@Compendium[sfrpg.rules.0yJjfyvWg5pDLcVR]{Conditions}</p><hr /><p>Vous fuyez du mieux possible la cause de votre frayeur.</p><p>Si vous ne&nbsp;pouvez pas fuir, vous pouvez combattre &agrave; la place. Vous subissez un malus&nbsp;de -2 aux tests de caract&eacute;ristique, aux jets d&rsquo;attaque, aux jets de sauvegarde&nbsp;et aux tests de comp&eacute;tence. Vous pouvez utiliser des pouvoirs&nbsp;sp&eacute;ciaux, notamment des sorts, pour fuir ; en fait, vous devez les utiliser&nbsp;si c&rsquo;est l&agrave; le seul moyen &agrave; votre disposition pour vous enfuir. Si vous&nbsp;&ecirc;tes d&eacute;j&agrave; effray&eacute; puis assujetti &agrave; un autre effet qui devrait lui aussi vous&nbsp;effrayer, la dur&eacute;e du deuxi&egrave;me effet s&rsquo;ajoute &agrave; celle de l&rsquo;&eacute;tat effray&eacute;.</p>",
			"source":"RDB p.275"
		},
		{
			"id": "Grappled",
			"name": "Agrippé",
			"description": "<p>&gt;@Compendium[sfrpg.rules.0yJjfyvWg5pDLcVR]{Conditions}</p><hr /><p>Vous &ecirc;tes entrav&eacute; par une cr&eacute;ature, un effet ou un pi&egrave;ge.</p><p>Vous ne&nbsp;pouvez pas vous d&eacute;placer et vous subissez un malus de -2 &agrave; votre&nbsp;classe d&rsquo;armure, aux jets d&rsquo;attaque, aux jets de sauvegarde de R&eacute;flexes,&nbsp;aux tests d&rsquo;initiative et aux tests de&nbsp; caract&eacute;ristique et de&nbsp;comp&eacute;tence bas&eacute;s sur la Dext&eacute;rit&eacute;, sauf ceux effectu&eacute;s pour agripper&nbsp;vous aussi votre adversaire ou pour &eacute;chapper &agrave; la lutte (voir Lutte &agrave;&nbsp;la page 246). De plus, vous ne pouvez pas effectuer d&rsquo;actions n&eacute;cessitant&nbsp;vos deux mains (ou d&rsquo;autres membres).</p><p>Vous ne pouvez pas faire&nbsp;d&rsquo;attaques d&rsquo;opportunit&eacute;.</p><p>Vous ne pouvez pas utiliser la Discr&eacute;tion pour vous cacher de la&nbsp;cr&eacute;ature qui vous agrippe, m&ecirc;me si un pouvoir sp&eacute;cial vous permet de&nbsp;vous cacher quand cela est normalement impossible. Si vous devenez&nbsp;invisible, gr&acirc;ce &agrave; un sort ou un autre pouvoir, vous b&eacute;n&eacute;ficiez d&rsquo;un&nbsp;bonus de circonstances de +2 &agrave; votre test effectu&eacute; pour ne plus &ecirc;tre&nbsp;agripp&eacute; mais aucun autre avantage ne vous est conf&eacute;r&eacute;.</p>",
			"source":"RDB p.273"
		},
		{
			"id": "Helpless",
			"name": "Sans défense",
			"description": "<p>&gt;@Compendium[sfrpg.rules.0yJjfyvWg5pDLcVR]{Conditions}</p><hr /><p>Vous &ecirc;tes attach&eacute;, @Compendium[sfrpg.conditions.3iTdt2NRgIyrychR]{Endormi}, @Compendium[sfrpg.conditions.lf8pbezocjYIvR9y]{Inconscient} ou, par ailleurs, compl&egrave;tement &agrave; la merci d&rsquo;un adversaire. On consid&egrave;re alors que vous avez une Dext&eacute;rit&eacute; de 0 (ce qui vous donne un modificateur de Dext&eacute;rit&eacute; de -5) et les attaques au corps &agrave; corps contre vous b&eacute;n&eacute;ficient d&rsquo;un bonus suppl&eacute;mentaire de +4 (qui &eacute;quivaut au bonus lorsqu&rsquo;on attaque une cible &agrave; terre). Les attaques &agrave; distance contre vous ne b&eacute;n&eacute;ficient d&rsquo;aucun bonus sp&eacute;cial.</p>",
			"source":"RDB p.277"
		},
		{
			"id": "Nauseated",
			"name": "Nauséeux",
			"description": "<p>&gt;@Compendium[sfrpg.rules.0yJjfyvWg5pDLcVR]{Conditions}</p><hr /><p>Vous souffrez de maux d&rsquo;estomac.</p><p>Vous ne pouvez plus attaquer,&nbsp;lancer des sorts, vous concentrer sur des sorts ou faire quoi que ce soit d&rsquo;autres qui n&eacute;cessitent votre attention. Vous ne pouvez faire qu&rsquo;une&nbsp;seule action de mouvement et rien d&rsquo;autre chaque tour.</p>",
			"source":"RDB p.276"
		},
		{
			"id": "Off-Kilter",
			"name": "En apesanteur",
			"description": "<p>&gt;@Compendium[sfrpg.rules.0yJjfyvWg5pDLcVR]{Conditions}</p><hr /><p>Vous &ecirc;tes d&eacute;sorient&eacute; et flottez dans un environnement o&ugrave; la gravit&eacute;&nbsp;est nulle.</p><p>Vous ne pouvez pas faire d&rsquo;actions de mouvement pour vous&nbsp;d&eacute;placer, ramper ou faire un d&eacute;placement prudent. Vous &ecirc;tes @Compendium[sfrpg.conditions.MZ8OoH1GE9qDMyCD]{Pris au d&eacute;pourvu}&nbsp;et subissez un malus de -2 aux jets&nbsp; d&rsquo;attaque.</p><p>Vous devez utiliser un moyen de propulsion pour vous redresser&nbsp;ou pour vous agripper &agrave; un objet stable tel qu&rsquo;un mur ou une&nbsp;&eacute;chelle (g&eacute;n&eacute;ralement par une action de mouvement) afin de mettre&nbsp;un terme &agrave; cet &eacute;tat. Voir Gravit&eacute; z&eacute;ro &agrave; la page 402 pour plus&nbsp;d&rsquo;informations.</p>",
			"source":"RDB p.275"
		},
		{
			"id": "Off-Target",
			"name": "Imprécis",
			"description": "<p>&gt;@Compendium[sfrpg.rules.0yJjfyvWg5pDLcVR]{Conditions}</p><hr /><p>Vous perdez votre concentration en combat. Vous subissez un malus&nbsp;de -2 aux jets d&rsquo;attaque lorsque vous &ecirc;tes impr&eacute;cis.</p>",
			"source":"RDB p.273"
		},
		{
			"id": "Overburdened",
			"name": "Surchargé",
			"description": "<p>&gt;@Compendium[sfrpg.rules.0yJjfyvWg5pDLcVR]{Conditions}</p><hr /><p>Toutes vos vitesses de d&eacute;placement sont r&eacute;duites &agrave; 1,50 m&egrave;tre, votre bonus de Dext&eacute;rit&eacute; maximum &agrave; la CA est r&eacute;duit &agrave; +0 et vous subissez un malus de -5 aux tests bas&eacute;s sur la Force et la Dext&eacute;rit&eacute; (ou le malus d&rsquo;armure aux tests de votre armure s&rsquo;il est plus &eacute;lev&eacute;).</p>",
			"source":"RDB p.277"
		},
		{
			"id": "Panicked",
			"name": "Paniqué",
			"description": "<p>&gt;@Compendium[sfrpg.rules.0yJjfyvWg5pDLcVR]{Conditions}</p><hr /><p>Vous l&acirc;chez tous ce que vous tenez et fuyez &agrave; votre vitesse maximale&nbsp;dans une direction al&eacute;atoire, en vous &eacute;loignant de la cause de&nbsp;votre frayeur et de toutes les autres menaces que vous rencontrez.</p><p>Vous ne pouvez faire aucune autre action. De plus, vous subissez un&nbsp;malus de -2 &agrave; tous les tests de caract&eacute;ristique, aux jets de sauvegarde&nbsp;et aux tests de comp&eacute;tence. Si vous &ecirc;tes accul&eacute;, vous vous&nbsp;recroquevillez et n&rsquo;attaquez pas, le plus souvent en utilisant l&rsquo;action&nbsp;de d&eacute;fense totale en situation de combat et rien d&rsquo;autre. Vous pouvez&nbsp;utiliser des pouvoirs sp&eacute;ciaux, y compris des sorts, pour fuir ; en fait,&nbsp;vous devez les utiliser si c&rsquo;est l&agrave; le seul moyen &agrave; votre disposition&nbsp;pour vous enfuir.</p>",
			"source":"RDB p.277"
		},
		{
			"id": "Paralyzed",
			"name": "Paralysé",
			"description": "<p>&gt;@Compendium[sfrpg.rules.0yJjfyvWg5pDLcVR]{Conditions}</p><hr /><p>Vous &ecirc;tes presque compl&egrave;tement immobilis&eacute; sur place et incapable&nbsp;de mouvoir votre corps. Vous pouvez &agrave; peine vous tortiller, bouger vos&nbsp;yeux, etc. Vous n&rsquo;&ecirc;tes pas sans d&eacute;fense pour autant, m&ecirc;me si on consid&egrave;re&nbsp;que vous avez un modificateur de Dext&eacute;rit&eacute; de -5. Vous pouvez&nbsp;effectuer des actions purement mentales mais pas physiques. Vous&nbsp;chutez si vous &ecirc;tes en train de voler lorsque vous devenez paralys&eacute;&nbsp;et que votre capacit&eacute; &agrave; voler d&eacute;pend de moyens physiques (avec&nbsp;des ailes, par exemple). Vous pouvez vous noyer si vous &ecirc;tes en train&nbsp;de nager quand vous devenez paralys&eacute; (voir Asphyxie et noyade &agrave; la&nbsp;page 404). Une cr&eacute;ature peut traverser l&rsquo;emplacement que vous occupez,&nbsp;qu&rsquo;elle soit votre alli&eacute;e ou non. Cependant, chaque case que vous&nbsp;occupez compte comme 2 cases de d&eacute;placement.</p>",
			"source":"RDB p.277"
		},
		{
			"id": "Pinned",
			"name": "Immobilisé",
			"description": "<p>&gt;@Compendium[sfrpg.rules.0yJjfyvWg5pDLcVR]{Conditions}</p><hr /><p>Vous &ecirc;tes fermement ligot&eacute; sur place et &ecirc;tes ainsi limit&eacute; &agrave; quelques actions seulement. Tant que vous &ecirc;tes immobilis&eacute;, vous ne pouvez plus vous d&eacute;placer et vous &ecirc;tes @Compendium[sfrpg.conditions.MZ8OoH1GE9qDMyCD]{Pris au d&eacute;pourvu}. Vous subissez &eacute;galement un malus suppl&eacute;mentaire de -4 &agrave; votre classe d&rsquo;armure, aux jets d&rsquo;attaque, aux jets de sauvegarde de R&eacute;flexes, aux tests d&rsquo;initiative et aux tests de caract&eacute;ristique et de comp&eacute;tence bas&eacute;s sur la Dext&eacute;rit&eacute; (ces malus remplacent ceux de l&rsquo;&eacute;tat agripp&eacute; et s&rsquo;appliquent &eacute;galement aux tentatives pour agripper votre adversaire ou pour vous lib&eacute;rer ; voir Lutte &agrave; la page 246).</p><p>L&rsquo;&eacute;ventail des actions que vous pouvez effectuer&nbsp;est limit&eacute;. Vous ne pouvez effectuer aucune action n&eacute;cessitant&nbsp;l&rsquo;utilisation de vos membres mais vous pouvez toujours tenter de vous&nbsp;lib&eacute;rer, g&eacute;n&eacute;ralement gr&acirc;ce &agrave; un jet d&rsquo;attaque ou un test d&rsquo;Acrobaties.</p><p>Vous ne pouvez pas faire d&rsquo;attaques d&rsquo;opportunit&eacute; lorsque vous &ecirc;tes&nbsp;immobilis&eacute; mais vous pouvez toujours effectuer des actions verbales&nbsp;ou mentales, comme l&rsquo;incantation de sorts par exemple.</p>",
			"source":"RDB p.276"
		},
		{
			"id": "Prone",
			"name": "À terre",
			"description": "<p>&gt;@Compendium[sfrpg.rules.0yJjfyvWg5pDLcVR]{Conditions}</p><hr /><p>Vous &ecirc;tes affal&eacute; par terre. Vous subissez un malus de -4 aux jets d&rsquo;attaque&nbsp;au corps &agrave; corps. Vous b&eacute;n&eacute;ficiez d&rsquo;un bonus de +4 &agrave; votre classe&nbsp;d&rsquo;armure contre les attaques &agrave; distance mais vous subissez un malus&nbsp;de -4 &agrave; votre classe d&rsquo;armure contre les attaques au corps &agrave; corps. Vous&nbsp;relever lorsque vous &ecirc;tes &agrave; terre est une action de mouvement.</p>",
			"source":"RDB p.273"
		},
		{
			"id": "Shaken",
			"name": "Secoué",
			"description": "<p>&gt;@Compendium[sfrpg.rules.0yJjfyvWg5pDLcVR]{Conditions}</p><hr /><p>Vous subissez un malus de -2 aux jets d&rsquo;attaque, aux jets de sauvegarde,&nbsp;aux tests de comp&eacute;tence et aux tests de caract&eacute;ristique lorsque&nbsp;vous &ecirc;tes secou&eacute;.</p><p>Si vous &ecirc;tes d&eacute;j&agrave; secou&eacute; puis assujetti &agrave; un autre&nbsp;effet qui devrait lui aussi vous secouer, la dur&eacute;e du deuxi&egrave;me effet&nbsp;s&rsquo;ajoute &agrave; celle de l&rsquo;&eacute;tat secou&eacute;.</p>",
			"source":"RDB p.277"
		},
		{
			"id": "Sickened",
			"name": "Fiévreux",
			"description": "<p>&gt;@Compendium[sfrpg.rules.0yJjfyvWg5pDLcVR]{Conditions}</p><hr /><p>Vous subissez un malus de -2 aux jets d&rsquo;attaque, aux jets de d&eacute;g&acirc;ts&nbsp;des armes, aux jets de sauvegarde, aux tests de comp&eacute;tence et aux&nbsp;tests de caract&eacute;ristique.</p>",
			"source":"RDB p.276"
		},
		{
			"id": "Stable",
			"name": "Stabilisé",
			"description": "<p>&gt;@Compendium[sfrpg.rules.0yJjfyvWg5pDLcVR]{Conditions}</p><p>&gt;@Compendium[sfrpg.conditions.4MxAK5uS0zMNWhUK]{Agonisant} + @Compendium[sfrpg.conditions.nEJIWMKbPjqKuelo]{Mort} + @Compendium[sfrpg.conditions.lf8pbezocjYIvR9y]{Inconscient}</p><hr /><p>Si vous &eacute;tiez agonisant mais que vous avez d&eacute;pens&eacute; des points de&nbsp;pers&eacute;v&eacute;rance pour vous stabiliser (voir Utiliser des points de pers&eacute;v&eacute;rance&nbsp;&agrave; la page 250 dans Blessures et mort) ou si un alli&eacute; vous soigne,&nbsp;vous &ecirc;tes stabilis&eacute;. Vous n&rsquo;&ecirc;tes alors plus agonisant mais toujours&nbsp;inconscient.</p>",
			"source":"RDB p.277"
		},
		{
			"id": "Staggered",
			"name": "Chancelant",
			"description": "<p>&gt;@Compendium[sfrpg.rules.0yJjfyvWg5pDLcVR]{Conditions}</p><hr /><p>Vous ne pouvez faire qu&rsquo;une action de mouvement ou qu&rsquo;une action&nbsp;simple par round, mais pas les deux, et vous ne pouvez pas effectuer&nbsp;d&rsquo;actions complexes. Vous pouvez toujours faire des actions rapides&nbsp;mais pas de r&eacute;actions.</p>",
			"source":"RDB p.274"
		},
		{
			"id": "Stunned",
			"name": "Étourdi",
			"description": "<p>&gt;@Compendium[sfrpg.rules.0yJjfyvWg5pDLcVR]{Conditions}</p><hr /><p>Vous l&acirc;chez tout ce que vous tenez, vous ne pouvez pas faire d&rsquo;actions&nbsp;et vous &ecirc;tes @Compendium[sfrpg.conditions.MZ8OoH1GE9qDMyCD]{Pris au d&eacute;pourvu}.</p>",
			"source":"RDB p.276"
		},
		{
			"id": "Unconscious",
			"name": "Inconscient",
			"description": "<p>&gt;@Compendium[sfrpg.rules.0yJjfyvWg5pDLcVR]{Conditions}</p><p>&gt;@Compendium[sfrpg.conditions.4MxAK5uS0zMNWhUK]{Agonisant} + @Compendium[sfrpg.conditions.H51jmhxF9XuwDOE7]{Stabilis&eacute;} + @Compendium[sfrpg.conditions.nEJIWMKbPjqKuelo]{Mort}</p><hr /><p>Vous &ecirc;tes mis KO et vous retrouvez @Compendium[sfrpg.conditions.RxvbSB9ZgSCBu2jw]{Sans d&eacute;fense}. Vous tombez dans l&rsquo;inconscience lorsque vos points de vie tombent &agrave; 0.</p>",
			"source":"RDB p.276"
		}
	]
}
