{
	"label": "Règles Universelles de Créatures",
	"mapping": {
		"frName": "name",
		"frDescription": "data.description.value",
		"frSource": "data.source"
	},
	"entries": {
		"Alien Presence (Ex or Su)": {
			"frName": "Présence Extraterrestre (Ext ou Sur)",
			"frDescription": "<p>La seule pr&eacute;sence de la cr&eacute;ature peut avoir des effets d&eacute;l&eacute;t&egrave;res sur les autres cr&eacute;atures &agrave; proximit&eacute;. Elle peut activer ce pouvoir dans le cadre d&rsquo;une attaque ou au prix d&rsquo;une action de mouvement, mais elle ne peut l&rsquo;activer qu&rsquo;une fois par round. En r&egrave;gle g&eacute;n&eacute;rale, il a une port&eacute;e de 9 m. Cette aura fonctionne comme la pr&eacute;sence effrayante (voir page 153), mais au lieu d&rsquo;infliger l&rsquo;&eacute;tat secou&eacute; aux cr&eacute;atures qui ratent leur jet de Volont&eacute;, elle inflige l&rsquo;&eacute;tat indiqu&eacute;. Sauf indication contraire, la dur&eacute;e est de 5d6 rounds. Une fois qu&rsquo;un adversaire a &eacute;t&eacute; expos&eacute; &agrave; la pr&eacute;sence extraterrestre d&rsquo;une cr&eacute;ature (que l&rsquo;adversaire ait ou non r&eacute;ussi son jet de sauvegarde), il ne peut plus &ecirc;tre affect&eacute; par la pr&eacute;sence extraterrestre de la m&ecirc;me cr&eacute;ature pendant 24 h. C&rsquo;est un effet mental, de terreur, &eacute;motionnel et bas&eacute; sur les sens.</p> <p><em>Format : </em>&nbsp;<strong>Aura</strong> pr&eacute;sence extraterrestre (72 m, DD 25, fi&eacute;vreux 2d4 rounds).</p> <p>&nbsp;</p>",
			"frSource": "XA2 p.153"
		},
		"Amorphous (Ex)": {
			"frName": "Informe (Ext)",
			"frDescription": "<p>Le corps de la cr&eacute;ature est mall&eacute;able et sans forme. Elle ne subit pas le double de d&eacute;g&acirc;ts en cas de coups critiques mais les effets critiques continuent de l&rsquo;affecter normalement.</p><p><em>Format : </em><strong>Capacit&eacute;s d&eacute;fensives</strong> informe.</p>",
			"frSource": "XA1 p.156 – XA2 p.152"
		},
		"Amphibious (Ex)": {
			"frName": "Amphibie (Ext)",
			"frDescription": "<p>La cr&eacute;ature a le sous-type aquatique ou la respiration aquatique (voir page 154), mais elle peut respirer de l&rsquo;air et survivre sur terre.</p><p><em>Format : </em><strong>Autres capacit&eacute;s</strong> amphibie.</p>",
			"frSource": "XA1 p.152 – XA2 p.149"
		},
		"Attach (Ex)": {
			"frName": "Fixation (Ext)",
			"frDescription": "<p>La cr&eacute;ature peut effectuer une attaque sp&eacute;ciale contre la CAC de sa cible par une action simple. En cas de r&eacute;ussite, elle n&rsquo;inflige aucun d&eacute;g&acirc;t mais se colle &agrave; sa cible. Une fois fix&eacute;e, la cr&eacute;ature gagne un bonus de +4 &agrave; sa CA (gr&acirc;ce &agrave; l&rsquo;abri) et un bonus de circonstances de +2 aux attaques au corps &agrave; corps mais elle ne peut attaquer que la cr&eacute;ature sur laquelle elle est fix&eacute;e. Une cr&eacute;ature fix&eacute;e ne peut pas se d&eacute;placer (mais elle se d&eacute;place avec sa cible), elle ne peut pas effectuer d&rsquo;actions n&eacute;cessitant deux mains ou faire des attaques d&rsquo;opportunit&eacute;. Une cr&eacute;ature fix&eacute;e peut &ecirc;tre d&eacute;tach&eacute;e en r&eacute;ussissant un test de Force (DD = 10 + 1,5 &times; le FP de la cr&eacute;ature) par une action de mouvement, ou elle peut se d&eacute;tacher d&rsquo;elle-m&ecirc;me de sa cible par une action de mouvement.</p><p><em>Format  :</em><strong>Corps &agrave; corps</strong> fixation +6.</p>",
			"frSource": "XA1 p.155 – XA2 p.151"
		},
		"Aura (Ex, Sp, or Su)": {
			"frName": "Aura (Ext, Mag ou Sur)",
			"frDescription": "<p>Sauf indication contraire dans la description d&rsquo;une aura, une cr&eacute;ature est automatiquement affect&eacute;e par une aura, dont la port&eacute;e est indiqu&eacute;e et qui ne n&eacute;cessite aucune action de la part de la cr&eacute;ature qui en est &agrave; l&rsquo;origine, quand elle entre &agrave; l&rsquo;int&eacute;rieur (soit quand la cible entre dans l&rsquo;aura lors de son tour ou quand elle commence son tour dans l&rsquo;aura, selon ce qui survient en premier). Si l&rsquo;aura inflige des d&eacute;g&acirc;ts, elle blesse une cible la premi&egrave;re fois que celle-ci est dans l&rsquo;aura chaque round uniquement, quel que soit le nombre de fois que la cible entre et sort de l&rsquo;aura au cours du round. Une cr&eacute;ature peut r&eacute;primer son aura pendant 1 round par une action de mouvement, &agrave; moins que le contraire ne soit indiqu&eacute;.</p><p><em>Format  :</em><strong>Aura</strong> radiations (9 m, DD 17) ; si des informations suppl&eacute;mentaires sont n&eacute;cessaires, l&rsquo;aura poss&egrave;de &eacute;galement sa propre section dans Pouvoirs sp&eacute;ciaux.</p>",
			"frSource": "XA1 p.152"
		},
		"Blindsense (Ex)": {
			"frName": "Perception aveugle (Ext)",
			"frDescription": "<p>La cr&eacute;ature a d&eacute;velopp&eacute; un sens non visuel impr&eacute;cis qui fonctionne efficacement sans la vision. Ce sens particulier est indiqu&eacute; entre parenth&egrave;ses. Pour plus d&rsquo;informations sur la @Compendium[sfrpg.universal-creature-rules.c6EuAEYG1qEIv82D]{perception aveugle}, voir la page 263 du <em>Livre de r&egrave;gles Starfinder</em>.</p><p><em>Format  :</em><strong>Sens</strong> perception aveugle (vibrations) 18 m.</p><p><em>Indications  :</em> la perception aveugle a g&eacute;n&eacute;ralement une port&eacute;e de 18 m&egrave;tres.</p>",
			"frSource": "XA1 p.156"
		},
		"Blindsight (Ex)": {
			"frName": "Vision aveugle",
			"frDescription": "<p>La vision aveugle est une version plus pr&eacute;cise de la perception aveugle. Ce pouvoir fonctionne jusqu&rsquo;&agrave; une distance pr&eacute;cis&eacute;e. Une cr&eacute;ature avec la vision aveugle per&ccedil;oit g&eacute;n&eacute;ralement en utilisant un type de sens sp&eacute;cifique indiqu&eacute; entre parenth&egrave;ses. Voir la page 263 du <em>Livre de r&egrave;gles</em> Starfinder.</p><p><em>Format  :</em><strong>Sens</strong> vision aveugle (vie) 18 m.</p><p><em>Indications   :</em> la vision aveugle a g&eacute;n&eacute;ralement une port&eacute;e de 18 m&egrave;tres.</p>",
			"frSource": "XA1 p.158"
		},
		"Breath Weapon (Su)": {
			"frName": "Souffle (Sur)",
			"frDescription": "<p>Certaines cr&eacute;atures peuvent souffler un c&ocirc;ne ou une ligne d&rsquo;&eacute;nergie ou d&rsquo;effet magique. Une attaque de souffle inflige g&eacute;n&eacute;ralement des d&eacute;g&acirc;ts bas&eacute;s le plus souvent sur l&rsquo;&eacute;nergie. Un souffle autorise g&eacute;n&eacute;ralement un jet de R&eacute;flexes de la part de la cible pour qu&rsquo;elle ne subisse que la moiti&eacute; des d&eacute;g&acirc;ts en cas de r&eacute;ussite, mais certains souffles remplacent le jet de R&eacute;flexes par un jet de Vigueur ou de Volont&eacute;. Sauf indication contraire, une cr&eacute;ature est immunis&eacute;e contre son propre souffle et ceux de ses semblables. Chaque souffle indique &eacute;galement le nombre de fois qu&rsquo;une cr&eacute;ature peut l&rsquo;utiliser.</p><p><em>Format  :</em><strong>Capacit&eacute;s offensives</strong> souffle (c&ocirc;ne de 18 m, 8d6 F, DD 18, utilisable tous les 1d4 rounds) ; le souffle a sa propre section dans Pouvoirs sp&eacute;ciaux s&rsquo;il produit des effets plus compliqu&eacute;s.</p><p><em>Indications  :</em> 1d6 d&eacute;g&acirc;ts + 1d6 par FP, utilisable tous les 1d4 rounds. Un c&ocirc;ne fait g&eacute;n&eacute;ralement 9 m&egrave;tres de long, que l&rsquo;on augmente de 3 m&egrave;tres par cat&eacute;gorie de taille au-dessus de Moyenne ou que l&rsquo;on diminue de 1,50 m&egrave;tre pour chaque cat&eacute;gorie de taille en dessous de Moyenne. Une ligne est deux fois plus longue qu&rsquo;un c&ocirc;ne.</p>",
			"frSource": "XA1 p.158 - XA2 p.154"
		},
		"Change Shape (Su)": {
			"frName": "Changement de forme (Sur)",
			"frDescription": "<p>La cr&eacute;ature a le pouvoir de prendre l&rsquo;apparence d&rsquo;une cr&eacute;ature particuli&egrave;re ou d&rsquo;un type de cr&eacute;ature particulier mais elle conserve la plupart de ses propres qualit&eacute;s physiques. Si la forme prise a un ou plusieurs des pouvoirs suivants, la cr&eacute;ature les obtient lorsqu&rsquo;elle prend cette forme : @Compendium[sfrpg.universal-creature-rules.4HvnYWLhFBiuvDxD]{vision aveugle} (odorat), @Compendium[sfrpg.universal-creature-rules.3Yg98sD5UymVymF9]{vision dans le noir}, @Compendium[sfrpg.universal-creature-rules.NRtNybzTZrVjbOYv]{vision nocturne} et nage 9 m&egrave;tres. La cr&eacute;ature peut conserver ses propres capacit&eacute;s respiratoires ou adopter la capacit&eacute; &agrave; respirer dans l&rsquo;environnement o&ugrave; respire la forme prise (y compris le pouvoir ne respire pas qui lui permet de survivre dans le vide de l&rsquo;espace). Si le pouvoir ne pr&eacute;cise pas l&rsquo;apparence que peut prendre la cr&eacute;ature, celle-ci peut prendre la forme de n&rsquo;importe quelle cr&eacute;ature de type humano&iuml;de mais pas celle d&rsquo;un humano&iuml;de connu en particulier. Changement de forme conf&egrave;re un bonus de +10 aux tests de D&eacute;guisement pour prendre l&rsquo;apparence d&rsquo;une cr&eacute;ature du type et du sous-type de la nouvelle forme, et le DD du test de D&eacute;guisement de la cr&eacute;ature n&rsquo;est pas modifi&eacute; par les modifications importantes de traits physiques ou par le d&eacute;guisement en une race ou un type de cr&eacute;ature diff&eacute;rent.</p><p>Une cr&eacute;ature peut prendre une forme d&rsquo;une cat&eacute;gorie de taille au-dessus ou en-dessous de sa forme d&rsquo;origine et sa taille change alors en cons&eacute;quence. Sauf indication contraire, elle peut conserver sa forme alternative aussi longtemps qu&rsquo;elle le souhaite. Certaines cr&eacute;atures peuvent prendre des formes uniques avec des modificateurs et des pouvoirs sp&eacute;ciaux. Ces cr&eacute;atures modifient leurs valeurs de caract&eacute;ristique, comme indiqu&eacute; dans leur description.</p><p><em>Format  :</em><strong>Autres capacit&eacute;s</strong> changement de forme (humano&iuml;de) ; les<br />cr&eacute;atures qui peuvent prendre une forme particuli&egrave;re ont aussi une<br />section qui lui est consacr&eacute;e dans Pouvoirs sp&eacute;ciaux.</p>",
			"frSource": "XA1 p.153 – XA2 p.149"
		},
		"Compression (Ex)": {
			"frName": "Compression (Ext)",
			"frDescription": "<p>La cr&eacute;ature peut traverser une zone dont la largeur n&rsquo;est pas inf&eacute;rieure &agrave; un quart de sa taille sans se faufiler, ou &agrave; un huiti&egrave;me en se faufilant.</p><p><em>Format  :</em><strong>Autres capacit&eacute;s</strong> compression.</p>",
			"frSource": "XA1 p.153"
		},
		"Construct Immunities (Ex)": {
			"frName": "Immunités des créatures artificielles (Ext)",
			"frDescription": "<p>Les cr&eacute;atures artificielles sont immunis&eacute;es contre les effets suivants, &agrave; moins que la description d&rsquo;un effet pr&eacute;cise son fonctionnement sp&eacute;cifique contre ce type de cr&eacute;atures.</p><ul><li>Les @Compendium[sfrpg.conditions.v9RNVTqyTyaPchvd]{saignements et les h&eacute;morragies}, les effets de @Compendium[sfrpg.rules.PqV3OCbUTyk2upPD]{mort}, les @Compendium[sfrpg.rules.GnEF27Oot3zqTaBQ]{maladies}, les effets @Compendium[sfrpg.rules.PqV3OCbUTyk2upPD]{mentaux}, les effets de n&eacute;cromancie, la @Compendium[sfrpg.conditions.NV4qXRDgb7zTNkW2]{paralysie}, le @Compendium[sfrpg.rules.aKqRtg165rAly1Cc]{poison}, le @Compendium[sfrpg.conditions.3iTdt2NRgIyrychR]{sommeil} et @Compendium[sfrpg.conditions.CvsDp0GvojxiF2jz]{l&rsquo;&eacute;tourdissement}.</li><li>Les affaiblissements temporaires et les diminutions permanentes de caract&eacute;ristiques, l&rsquo;absorption d&rsquo;&eacute;nergie, @Compendium[sfrpg.conditions.33ynSbmexuxC3cAQ]{l&rsquo;&eacute;puisement}, la @Compendium[sfrpg.conditions.JGFn4MrDZ6X5vrzU]{fatigue}, les niveaux n&eacute;gatifs et les d&eacute;g&acirc;ts non l&eacute;taux.</li><li>Les effets qui n&eacute;cessitent un jet de Vigueur (&agrave; moins que l&rsquo;effet ne soit inoffensif ou fonctionne contre les objets).</li></ul><p><em>Format  :</em><strong>Immunit&eacute;s</strong> immunit&eacute;s des cr&eacute;atures artificielles.</p>",
			"frSource": "XA1 p.155 – XA2 p.152"
		},
		"Create Darkness (Su)": {
			"frName": "Création de ténèbres (Sur)",
			"frDescription": "<p>Par une action simple, la cr&eacute;ature peut cr&eacute;er une zone de t&eacute;n&egrave;bres de 6 m&egrave;tres de rayon centr&eacute;e sur elle-m&ecirc;me et qui annule les effets de toutes les sources de lumi&egrave;re non magiques &agrave; l&rsquo;int&eacute;rieur. Ces t&eacute;n&egrave;bres restent en place pendant un nombre de minutes &eacute;gal au FP de la cr&eacute;ature et celle-ci peut mettre un terme &agrave; l&rsquo;effet par une action simple. Les t&eacute;n&egrave;bres ne se d&eacute;placent pas avec la cr&eacute;ature. Sauf indication contraire, les sources de lumi&egrave;re magique peuvent augmenter le niveau de luminosit&eacute; dans la zone comme &agrave; l&rsquo;accoutum&eacute;e.</p><p><em>Format  :</em><strong>Capacit&eacute;s offensives</strong> cr&eacute;ation de t&eacute;n&egrave;bres.</p>",
			"frSource": "XA1 p.154"
		},
		"Crush (Ex)": {
			"frName": "Ecrasement (Ext)",
			"frDescription": "<p>&Agrave; la fin d&rsquo;un d&eacute;placement en sautant ou en volant, la cr&eacute;ature peut se poser sur des cibles d&rsquo;au moins trois cat&eacute;gories de taille en dessous de la sienne. Les cibles se retrouvent automatiquement @Compendium[sfrpg.conditions.XeRGqHVtcZ7vsgJ0]{&agrave; terre}, subissent les d&eacute;g&acirc;ts indiqu&eacute;s et sont @Compendium[sfrpg.conditions.XgK4EdO5D3Fj3iWz]{immobilis&eacute;es}. Chaque cible &eacute;cras&eacute;e peut tenter de se d&eacute;gager de l&rsquo;immobilisation normalement lors de son tour et l&rsquo;immobilisation prend fin automatiquement si la cr&eacute;ature &agrave; l&rsquo;origine de l&rsquo;&eacute;crasement sort de la case qu&rsquo;occupe la cible. Une cible &eacute;cras&eacute;e ne subit pas plus d&rsquo;une fois les d&eacute;g&acirc;ts d&rsquo;&eacute;crasement, &agrave; moins que la cr&eacute;ature qui l&rsquo;&eacute;crase ne se d&eacute;place pour sortir de la case qu&rsquo;elle occupe pour revenir sur elle par la suite.</p><p><em>Format  :</em><strong>Capacit&eacute;s offensives</strong> &eacute;crasement (4d6+8 C).</p><p><em>Indications  :</em> appliquez le m&ecirc;me montant de d&eacute;g&acirc;ts que celui inflig&eacute; par l&rsquo;attaque au corps &agrave; corps standard de la cr&eacute;ature.</p>",
			"frSource": "XA1 p.154 – XA2 p.150"
		},
		"Damage Reduction (DR)": {
			"frName": "Réduction des dégâts (RD)",
			"frDescription": "<p>Certaines cr&eacute;atures ont le pouvoir de soigner instantan&eacute;ment les d&eacute;g&acirc;ts inflig&eacute;s par des attaques ou d&rsquo;ignorer les coups ; on utilise alors le terme de r&eacute;duction des d&eacute;g&acirc;ts pour d&eacute;signer ce pouvoir sp&eacute;cial. La r&eacute;duction des d&eacute;g&acirc;ts (RD) s&rsquo;applique aux d&eacute;g&acirc;ts cin&eacute;tiques &ndash; c&rsquo;est-&agrave;-dire tous les d&eacute;g&acirc;ts contondants, perforants ou tranchants &ndash; qu&rsquo;un personnage subit, quelles que soient leurs sources. Elle ne fonctionne pas contre les d&eacute;g&acirc;ts dont le type n&rsquo;est pas d&eacute;termin&eacute; et contre tous les autres types de d&eacute;g&acirc;ts, y compris les d&eacute;g&acirc;ts d&rsquo;acide, d&rsquo;&eacute;lectricit&eacute;, de feu, de froid et de son, bien que ceux-ci puissent &ecirc;tre r&eacute;duits par la r&eacute;sistance aux &eacute;nergies (voir page 265).</p> <p>La partie num&eacute;rique de la r&eacute;duction des d&eacute;g&acirc;ts d&rsquo;une cr&eacute;ature est le montant de d&eacute;g&acirc;ts contondants, perforants et tranchants qu&rsquo;elle ignore sur chaque attaque. Les armes fabriqu&eacute;es dans un mat&eacute;riau sp&eacute;cial, les armes magiques (toutes les armes avec une fusion d&rsquo;arme ; voir page 191) et les armes dans lesquelles est insuffl&eacute; un alignement sp&eacute;cifique peuvent souvent ignorer cette r&eacute;duction. Cette information est s&eacute;par&eacute;e par un slash apr&egrave;s la valeur de la r&eacute;duction des d&eacute;g&acirc;ts. Par exemple, une RD 5/fer froid signifie que vous subissez 5 d&eacute;g&acirc;ts de moins s&rsquo;ils sont inflig&eacute;s par des armes qui ne sont pas en fer froid, une RD 5/magie signifie que vous subissez 5 d&eacute;g&acirc;ts de moins s&rsquo;ils sont inflig&eacute;s par des armes qui ne sont pas magiques, etc. Si un tiret est indiqu&eacute; apr&egrave;s le slash (&laquo; RD 5/&ndash; &raquo;), c&rsquo;est que la r&eacute;duction des d&eacute;g&acirc;ts reste efficace contre les d&eacute;g&acirc;ts contondants, perforants et tranchants de toutes les armes, m&ecirc;me si certaines attaques peuvent avoir leur propre capacit&eacute; &agrave; ignorer la RD. Les munitions tir&eacute;es avec une arme &agrave; projectiles dot&eacute;e d&rsquo;une fusion d&rsquo;arme ou d&rsquo;un alignement sont consid&eacute;r&eacute;es comme des armes magiques ou comme des armes ayant l&rsquo;alignement indiqu&eacute; lorsqu&rsquo;il s&rsquo;agit d&rsquo;ignorer la r&eacute;duction des d&eacute;g&acirc;ts.</p> <p>Parfois, plusieurs types de mat&eacute;riaux ou d&rsquo;alignements sont indiqu&eacute;s apr&egrave;s la valeur de r&eacute;duction des d&eacute;g&acirc;ts, ce qui signifie que la r&eacute;duction des d&eacute;g&acirc;ts peut &ecirc;tre ignor&eacute;e de plusieurs fa&ccedil;ons ou n&eacute;cessite une combinaison d&rsquo;effets sp&eacute;cifiques pour l&rsquo;ignorer. Par exemple, une RD 5/Loyal ou magie signifie que les armes magiques ou ayant l&rsquo;alignement Loyal peuvent ignorer la r&eacute;duction des d&eacute;g&acirc;ts. En comparaison, une RD 5/Loi et magie signifie que seules les armes &agrave; la fois magiques et ayant l&rsquo;alignement loyal ignorent la r&eacute;duction des d&eacute;g&acirc;ts.</p> <p>Chaque fois que la r&eacute;duction des d&eacute;g&acirc;ts annule enti&egrave;rement les d&eacute;g&acirc;ts d&rsquo;une attaque, elle annule &eacute;galement la plupart des effets sp&eacute;ciaux associ&eacute;s &agrave; l&rsquo;attaque, tels qu&rsquo;une maladie bas&eacute;e sur les blessures, une s&eacute;quelle handicapante d&rsquo;agent ou un poison inocul&eacute; par blessure. La r&eacute;duction des d&eacute;g&acirc;ts n&rsquo;annule pas les affaiblissements temporaires de caract&eacute;ristiques, les diminutions permanentes de caract&eacute;ristiques, les d&eacute;g&acirc;ts d&rsquo;&eacute;nergie inflig&eacute;s au cours d&rsquo;une attaque ou les niveaux n&eacute;gatifs. Elle n&rsquo;affecte pas non plus les maladies ou poisons inocul&eacute;s par contact, ingestion ou inhalation. Les attaques qui n&rsquo;infligent aucun d&eacute;g&acirc;t &agrave; cause de la r&eacute;duction des d&eacute;g&acirc;ts de la cible n&rsquo;interrompent pas les sorts.</p> <p>Si vous b&eacute;n&eacute;ficiez d&rsquo;une r&eacute;duction des d&eacute;g&acirc;ts conf&eacute;r&eacute;e par plus d&rsquo;une source, les deux formes de r&eacute;duction ne se cumulent pas, &agrave; moins que les sources octroyant la r&eacute;duction des d&eacute;g&acirc;ts ne pr&eacute;cisent express&eacute;ment le contraire. &Agrave; la place, vous b&eacute;n&eacute;ficiez des avantages de la meilleure r&eacute;duction des d&eacute;g&acirc;ts en fonction de la situation. Un effet peut pr&eacute;ciser, m&ecirc;me si c&rsquo;est rare, qu&rsquo;il augmente la r&eacute;duction des d&eacute;g&acirc;ts d&eacute;j&agrave; existante d&rsquo;une cr&eacute;ature.</p> <p>La r&eacute;duction des d&eacute;g&acirc;ts repr&eacute;sente parfois une capacit&eacute; &agrave; gu&eacute;rir instantan&eacute;ment et, dans d&rsquo;autres cas, elle refl&egrave;te le corps particuli&egrave;rement r&eacute;sistant ou la peau particuli&egrave;rement &eacute;paisse de son b&eacute;n&eacute;ficiaire. Dans tous les cas, vous pouvez toujours constater qu&rsquo;une attaque conventionnelle n&rsquo;inflige pas les d&eacute;g&acirc;ts escompt&eacute;s.</p>",
			"frSource": "RDB p.264"
		},
		"Darkvision (Ex or Su)": {
			"frName": "Vision dans le noir  (Ext ou Sur)",
			"frDescription": "<p>La cr&eacute;ature peut voir jusqu&rsquo;&agrave; la distance indiqu&eacute;e, m&ecirc;me s&rsquo;il n&rsquo;y a aucune source de lumi&egrave;re. Voir la page 265 du <em>Livre de r&egrave;gles Starfinder</em>.</p><p><em>Format  :</em><strong>Sens</strong> vision dans le noir 18 m.</p><p><em>Indications  :</em> la vision dans le noir a une port&eacute;e de 18 m&egrave;tres pour la plupart des cr&eacute;atures ou de 36 m&egrave;tres plus exceptionnellement.</p>",
			"frSource": "XA1 p.158"
		},
		"Dependency (Ex)": {
			"frName": "Dépendance (Ext)",
			"frDescription": "<p>La cr&eacute;ature est d&eacute;pendante d&rsquo;une substance, d&rsquo;un sens ou d&rsquo;autre chose pour survivre ou agir normalement. Si la cr&eacute;ature est d&eacute;pendante de quelque chose pour vivre (telle que l&rsquo;eau), elle peut survivre sans cette chose pendant un nombre de minutes &eacute;gal &agrave; 5 &times; son modificateur de Constitution. Au-del&agrave; de cette limite, la cr&eacute;ature court le risque de subir des effets n&eacute;gatifs, tels que la suffocation ou la mort. Une cr&eacute;ature d&eacute;pendante de quelque chose pour agir normalement (tel qu&rsquo;une cr&eacute;ature avec la @Compendium[sfrpg.universal-creature-rules.4HvnYWLhFBiuvDxD]{vision aveugle} et aucun moyen de perception visuel) obtient g&eacute;n&eacute;ralement un &eacute;tat pr&eacute;judiciable lorsqu&rsquo;elle perd cette chose.</p><p><em>Format  :</em><strong>Faiblesses</strong> d&eacute;pendance &agrave; la vision aveugle.</p>",
			"frSource": "XA1 p.154"
		},
		"Detect Alignment (Sp or Su)": {
			"frName": "Détection de l'alignement (Mag ou Sur)",
			"frDescription": "<p>La cr&eacute;ature peut d&eacute;tecter l&rsquo;alignement d&rsquo;une autre cr&eacute;ature. Ce pouvoir fonctionne comme <em>@Compendium[sfrpg.spells.kxx5x0JAgFuEQJAm]{d&eacute;tection de la magie}</em>, mais au lieu de d&eacute;terminer quels objets et cr&eacute;atures dans la zone sont magiques, la cr&eacute;ature peut d&eacute;terminer l&rsquo;alignement d&rsquo;une autre cr&eacute;ature.</p><p><em>Format  :</em><strong>Sens</strong> d&eacute;tection de l&rsquo;alignement.</p>",
			"frSource": "XA1 p.154 – XA2 p.150"
		},
		"Distraction (Ex)": {
			"frName": "Distraction (Ext)",
			"frDescription": "<p>La cr&eacute;ature peut donner des naus&eacute;es aux cibles qu&rsquo;elle blesse. Une cr&eacute;ature vivante qui subit des d&eacute;g&acirc;ts d&rsquo;une cr&eacute;ature avec le pouvoir de distraction est @Compendium[sfrpg.conditions.LoRydw1D4bqlbkA2]{naus&eacute;euse} pendant 1 round ; la cible peut annuler l&rsquo;effet en r&eacute;ussissant un jet de Vigueur contre le DD indiqu&eacute;.</p><p><em>Format  :</em><strong>Capacit&eacute;s offensives</strong> distraction (DD 15).</p>",
			"frSource": "XA1 p.154 – XA2 p.150"
		},
		"Earth Glide (Ex)": {
			"frName": "Nage dans la Terre (Ext)",
			"frDescription": "<p>Quand la cr&eacute;ature creuse, elle peut traverser la terre, la pierre et toutes sortes de mati&egrave;res min&eacute;rales ou presque, &agrave; l&rsquo;exception du m&eacute;tal, aussi ais&eacute;ment qu&rsquo;un poisson traverse l&rsquo;eau. Si elle est prot&eacute;g&eacute;e contre les d&eacute;g&acirc;ts de feu, elle peut m&ecirc;me nager dans la lave. Elle ne laisse aucun trou ni tunnel derri&egrave;re elle lorsqu&rsquo;elle creuse, pas plus qu&rsquo;elle ne produit de remous ou autres indicateurs signalant sa pr&eacute;sence.</p><p><em>Format  :</em><strong>Autres capacit&eacute;s</strong> nage dans la terre.</p>",
			"frSource": "XA1 p.156"
		},
		"Elemental Immunities (Ex)": {
			"frName": "Immunités des elémentaires (Ext)",
			"frDescription": "<p>Les &eacute;l&eacute;mentaires sont immunis&eacute;s contre les effets suivants, &agrave; moins que la description d&rsquo;un effet ne pr&eacute;cise son fonctionnement sp&eacute;cifique contre ce type de cr&eacute;atures.</p><ul><li>@Compendium[sfrpg.conditions.v9RNVTqyTyaPchvd]{Les saignements et les h&eacute;morragies}, les coups critiques, la @Compendium[sfrpg.conditions.NV4qXRDgb7zTNkW2]{paralysie}, le poison, les effets @Compendium[sfrpg.conditions.3iTdt2NRgIyrychR]{de sommeil} et @Compendium[sfrpg.conditions.CvsDp0GvojxiF2jz]{l&rsquo;&eacute;tourdissement}.</li><li>La prise en tenaille &ndash; les &eacute;l&eacute;mentaires sont impossibles &agrave; prendre en tenaille.</li></ul><p><em>Format  :</em><strong>Immunit&eacute;s</strong> immunit&eacute;s des &eacute;l&eacute;mentaires.</p>",
			"frSource": "XA1 p.155 – XA2 p.152"
		},
		"Energy Drain (Su)": {
			"frName": "Absorption d'énergie (Sur)",
			"frDescription": "<p>Une attaque d&rsquo;absorption d&rsquo;&eacute;nergie r&eacute;ussie inflige un ou plusieurs niveaux n&eacute;gatifs (le nombre est indiqu&eacute; dans la description du pouvoir). Si une attaque impliquant une absorption d&rsquo;&eacute;nergie inflige un coup critique, elle inflige deux fois le nombre de niveaux n&eacute;gatifs indiqu&eacute;. Sauf indication contraire dans la description du pouvoir d&rsquo;absorption de la cr&eacute;ature, celle-ci gagne 5 points de vie temporaires pour chaque niveau n&eacute;gatif inflig&eacute; &agrave; un adversaire. Ces points de vie temporaires durent au maximum d&rsquo;une heure. Les niveaux n&eacute;gatifs inflig&eacute;s par une absorption d&rsquo;&eacute;nergie restent jusqu&rsquo;&agrave; ce que 24 heures se soient &eacute;coul&eacute;es ou qu&rsquo;ils soient supprim&eacute;s &agrave; l&rsquo;aide de la technologie ou de la magie. Si un niveau n&eacute;gatif n&rsquo;est pas supprim&eacute; avant que 24 heures ne se soient &eacute;coul&eacute;es, la cible affect&eacute;e doit effectuer un jet de Vigueur (le DD exact est indiqu&eacute; dans le profil de la cr&eacute;ature). En cas de r&eacute;ussite, le niveau n&eacute;gatif dispara&icirc;t. En cas d&rsquo;&eacute;chec, il devient permanent. Un jet de sauvegarde distinct est n&eacute;cessaire par niveau n&eacute;gatif. Voir la page 252 du <em>Livre de r&egrave;gles Starfinder</em> pour plus d&rsquo;informations sur les niveaux n&eacute;gatifs.</p><p><em>Format  :</em><strong>Corps &agrave; corps coup</strong>, +24 (6d12+22 C plus absorption d&rsquo;&eacute;nergie) ; <strong>Capacit&eacute;s offensives</strong> absorption d&rsquo;&eacute;nergie (2 niveaux, DD 22).</p>",
			"frSource": "XA1 p.152"
		},
		"Energy Resistance": {
			"frName": "Résistance aux énergies",
			"frDescription": "<p>Une cr&eacute;ature b&eacute;n&eacute;ficiant d&rsquo;une r&eacute;sistance aux &eacute;nergies peut ignorer certains des d&eacute;g&acirc;ts d&rsquo;une &eacute;nergie particuli&egrave;re (l&rsquo;acide, l&rsquo;&eacute;lectricit&eacute;, le feu, le froid ou le son) par attaque. Chaque capacit&eacute; de r&eacute;sistance est d&eacute;finie par le type d&rsquo;&eacute;nergie et par le montant de d&eacute;g&acirc;ts contre lesquels elle permet de r&eacute;sister. Peu importe que les d&eacute;g&acirc;ts proviennent d&rsquo;une source magique ou ordinaire. Si une attaque inflige &agrave; la fois des d&eacute;g&acirc;ts cin&eacute;tiques et d&rsquo;&eacute;nergie (par exemple, si elle inflige 3d6 d&eacute;g&acirc;ts contondants et 1d6 d&eacute;g&acirc;ts de feu), la r&eacute;sistance aux &eacute;nergies s&rsquo;applique aux d&eacute;g&acirc;ts d&rsquo;&eacute;nergie mais ne r&eacute;duit pas les d&eacute;g&acirc;ts cin&eacute;tiques.</p> <p>Si la r&eacute;sistance aux &eacute;nergies annule enti&egrave;rement les d&eacute;g&acirc;ts d&rsquo;une attaque, elle annule &eacute;galement la plupart des effets sp&eacute;ciaux associ&eacute;s &agrave; l&rsquo;attaque, tels qu&rsquo;une s&eacute;quelle handicapante d&rsquo;agent ou un poison inocul&eacute; par blessure. La r&eacute;sistance aux &eacute;nergies n&rsquo;annule pas les affaiblissements temporaires de caract&eacute;ristiques, les diminutions permanentes de caract&eacute;ristiques ou les niveaux n&eacute;gatifs inflig&eacute;s lors d&rsquo;une attaque d&rsquo;&eacute;nergie. Elle n&rsquo;affecte pas non plus les maladies ou poisons inocul&eacute;s par contact, ingestion ou inhalation.</p> <p>Si vous b&eacute;n&eacute;ficiez d&rsquo;une r&eacute;sistance contre le m&ecirc;me type d&rsquo;&eacute;nergie provenant de plus d&rsquo;une source, les deux formes de r&eacute;sistance aux &eacute;nergies ne se cumulent pas, &agrave; moins que les sources de r&eacute;sistance aux &eacute;nergies ne sp&eacute;cifient express&eacute;ment le contraire. Un effet peut sp&eacute;cifier, m&ecirc;me si c&rsquo;est rare, qu&rsquo;il augmente la r&eacute;sistance aux &eacute;nergies d&eacute;j&agrave; existante d&rsquo;une cr&eacute;ature.</p>",
			"frSource": "RDB p.265"
		},
		"Engulf (Ex)": {
			"frName": "Engouffrer (Ext)",
			"frDescription": "<p>Au prix d&rsquo;une action simple, la cr&eacute;ature peut se d&eacute;placer &agrave; sa vitesse de base, en p&eacute;n&eacute;trant ou en traversant l&rsquo;espace de toute cr&eacute;ature d&rsquo;au moins une taille de moins qu&rsquo;elle sans subir de malus. Chaque cr&eacute;ature sur le chemin de la cr&eacute;ature est automatiquement engouffr&eacute;e, sans besoin de faire un jet d&rsquo;attaque. Une cr&eacute;ature prise pour cible a droit &agrave; un jet de R&eacute;flexes pour &eacute;viter d&rsquo;&ecirc;tre engouffr&eacute;e. Si elle tente cette sauvegarde, elle n&rsquo;a pas droit &agrave; une attaque d&rsquo;opportunit&eacute; contre la cr&eacute;ature qui tente de l&rsquo;engouffrer en raison du d&eacute;placement de cette derni&egrave;re. En cas de jet de sauvegarde r&eacute;ussie, la cible est repouss&eacute;e en arri&egrave;re ou sur le c&ocirc;t&eacute; (elle choisit) et la cr&eacute;ature engouffrante continue son chemin. Une cr&eacute;ature engouffr&eacute;e re&ccedil;oit l&rsquo;&eacute;tat immobilis&eacute;, elle subit les d&eacute;g&acirc;ts indiqu&eacute;s au d&eacute;but de chaque tour de jeu o&ugrave; elle reste engouffr&eacute;e, elle risque de suffoquer si elle ne dispose pas de protections environnementales, et elle est pi&eacute;g&eacute;e dans le corps de la cr&eacute;ature engouffrante jusqu&rsquo;&agrave; ce qu&rsquo;elle ne soit plus immobilis&eacute;e. Une cr&eacute;ature engouffr&eacute;e se d&eacute;place avec la cr&eacute;ature engouffrante. Ce d&eacute;placement ne provoque pas d&rsquo;attaque d&rsquo;opportunit&eacute; contre la cr&eacute;ature engouffr&eacute;e. Une cr&eacute;ature peut engouffrer une cr&eacute;ature d&rsquo;une cat&eacute;gorie de moins qu&rsquo;elle, jusqu&rsquo;&agrave; deux cr&eacute;atures de deux cat&eacute;gories de tailles de moins, ou jusqu&rsquo;&agrave; quatre cr&eacute;atures de trois cat&eacute;gories de tailles de moins.</p><p><em>Format : </em><strong>Capacit&eacute;s offensives</strong> engouffrer (1d6+8 F, DD 13).</p><p>&nbsp;</p>",
			"frSource": "XA2 p.151"
		},
		"Fast Healing (Ex)": {
			"frName": "Guérison accélérée (Ext)",
			"frDescription": "<p>La cr&eacute;ature r&eacute;cup&egrave;re le nombre indiqu&eacute; de points de vie au d&eacute;but de son tour. Sauf indication contraire, elle ne peut pas r&eacute;cup&eacute;rer plus de son total maximum de points de vie.</p><p>La gu&eacute;rison acc&eacute;l&eacute;r&eacute;e ne permet pas de r&eacute;cup&eacute;rer les points de vie perdus &agrave; cause de la faim, de la soif et de la suffocation. De plus, sauf indication contraire, la cr&eacute;ature ne peut pas r&eacute;cup&eacute;rer des parties de son corps perdues gr&acirc;ce &agrave; ce pouvoir. La gu&eacute;rison acc&eacute;l&eacute;r&eacute;e continue de fonctionner jusqu&rsquo;&agrave; la mort de la cr&eacute;ature qui en b&eacute;n&eacute;ficie, auquel cas les effets de la gu&eacute;rison acc&eacute;l&eacute;r&eacute;e cessent imm&eacute;diatement.</p><p><em>Format  :</em><strong>Capacit&eacute;s d&eacute;fensives</strong> gu&eacute;rison acc&eacute;l&eacute;r&eacute;e 5.</p>",
			"frSource": "XA1 p.155 – XA2 p.151"
		},
		"Ferocious Charge (Ex)": {
			"frName": "Charge féroce (Ext)",
			"frDescription": "<p>Quand la cr&eacute;ature charge, elle peut tenter une manoeuvre de combat de croc-en-jambe au lieu d&rsquo;une attaque normale au corps &agrave; corps. En outre, la cr&eacute;ature peut charger sans subir les malus habituels de charge &agrave; son jet d&rsquo;attaque ou sa CA. Si cette cr&eacute;ature poss&egrave;de une autre capacit&eacute; qui lui permet de charger sans subir ces malus (par exemple la capacit&eacute; charge offensive du style de combat blitz du soldat), elle d&eacute;veloppe aussi la facult&eacute; de charger &agrave; travers un terrain difficile.</p><p><em>Format : </em><strong>Capacit&eacute;s offensives</strong> charge f&eacute;roce.</p><p>&nbsp;</p>",
			"frSource": "XA2 p.150"
		},
		"Ferocity (Ex)": {
			"frName": "Férocité (Ext)",
			"frDescription": "<p>Quand la cr&eacute;ature tombe &agrave; 0 point de vie, elle peut continuer de combattre pendant un round de plus. Elle peut agir normalement jusqu&rsquo;&agrave; la fin de son prochain tour ; si elle a toujours 0 pv &agrave; ce moment- l&agrave;, elle ne peut plus agir et meurt.</p><p><em>Format  :</em><strong>Capacit&eacute;s d&eacute;fensives</strong> f&eacute;rocit&eacute;.</p>",
			"frSource": "XA1 p.155 – XA2 p.151"
		},
		"Fly (Ex or Su)": {
			"frName": "Vol (Ext ou Sur)",
			"frDescription": "<p>La source de la vitesse de d&eacute;placement en vol de la cr&eacute;ature (qu&rsquo;elle soit extraordinaire, surnaturelle ou qu&rsquo;elle provienne d&rsquo;une autre source telle qu&rsquo;un objet) est indiqu&eacute;e avant sa manoeuvrabilit&eacute;. Sauf indication contraire, une cr&eacute;ature dont le pouvoir de vol est extraordinaire ne peut pas voler dans le vide.</p><p><em>Format  :</em><strong>VD</strong> vol 18 m (Ext, parfaite).</p>",
			"frSource": "XA1 p.159"
		},
		"Frightful Presence (Ex or Su)": {
			"frName": "Présence effrayante (Ext ou Sur)",
			"frDescription": "<p>La pr&eacute;sence de la cr&eacute;ature perturbe ses adversaires. Elle peut activer ce pouvoir tout en effectuant une attaque ou une action de mouvement mais ne peut l&rsquo;activer qu&rsquo;une seule fois par round. La port&eacute;e de ce pouvoir s&rsquo;&eacute;l&egrave;ve le plus souvent &agrave; 9 m&egrave;tres. Les adversaires &agrave; port&eacute;e doivent chacun r&eacute;ussir un jet de Volont&eacute; pour ne pas &ecirc;tre @Compendium[sfrpg.conditions.nywSVEeDvp1bk7L3]{secou&eacute;s}. Sauf indication contraire, la dur&eacute;e est de 5d6 rounds. Une fois qu&rsquo;un adversaire a &eacute;t&eacute; expos&eacute; &agrave; la pr&eacute;sence effrayante d&rsquo;une cr&eacute;ature (qu&rsquo;il ait ou non r&eacute;ussi son jet de sauvegarde), il ne peut plus &ecirc;tre affect&eacute; par elle pendant 24 heures. C&rsquo;est un effet @Compendium[sfrpg.rules.PqV3OCbUTyk2upPD]{mental d&rsquo;&eacute;motion} bas&eacute; sur les sens.</p><p><em>Format  :</em><strong>Aura</strong> pr&eacute;sence effrayante (9 m, DD 22).</p>",
			"frSource": "XA1 p.157 – XA2 p.153"
		},
		"Gaze (Su)": {
			"frName": "Regard (Sur)",
			"frDescription": "<p>Les adversaires qui regardent une cr&eacute;ature avec le pouvoir de regard risquent de se retrouver charm&eacute;s, @Compendium[sfrpg.conditions.NV4qXRDgb7zTNkW2]{paralys&eacute;s}, p&eacute;trifi&eacute;s ou de subir un autre effet n&eacute;gatif. Chaque adversaire &agrave; port&eacute;e du regard (celle-ci est pr&eacute;cis&eacute;e) doit effectuer un jet de sauvegarde (g&eacute;n&eacute;ralement de Vigueur ou de Volont&eacute;) au d&eacute;but de son tour. En cas de jet de sauvegarde r&eacute;ussi, l&rsquo;effet est annul&eacute;. Un adversaire peut s&rsquo;octroyer un avantage contre ce pouvoir en appliquant l&rsquo;une des deux m&eacute;thodes suivantes :</p><ul><li><em>Regarder indirectement</em> : un adversaire qui &eacute;vite de regarder directement le visage de la cr&eacute;ature (en regardant son ombre ou en regardant la cr&eacute;ature dans une surface r&eacute;fl&eacute;chissante) ou qui la regarde par le biais d&rsquo;une cam&eacute;ra ou d&rsquo;un &eacute;cran d&rsquo;affichage b&eacute;n&eacute;ficie d&rsquo;un bonus de circonstances de +4 au jet de sauvegarde. Mais dans ce cas, la cr&eacute;ature avec le pouvoir de regard b&eacute;n&eacute;ficie d&rsquo;un camouflage contre cet adversaire.</li><li><em>Bloquer sa vision</em> : en bloquant compl&egrave;tement ses capteurs visuels ou en les recouvrant, un adversaire n&rsquo;est plus oblig&eacute; d&rsquo;effectuer un jet de sauvegarde contre le regard. Mais dans ce cas, la cr&eacute;ature avec le pouvoir de regard b&eacute;n&eacute;ficie d&rsquo;un camouflage total contre cet adversaire.</li></ul><p>Les pouvoirs de regard peuvent affecter les adversaires &eacute;th&eacute;r&eacute;s mais pas ceux sans capteurs visuels. Sauf indication contraire, une cr&eacute;ature est immunis&eacute;e contre le pouvoir de regard des autres membres de son esp&egrave;ce. Les alli&eacute;s d&rsquo;une cr&eacute;ature avec un pouvoir de regard continuent d&rsquo;&ecirc;tre affect&eacute;s mais on consid&egrave;re qu&rsquo;ils sont toujours en train de la regarder indirectement. La cr&eacute;ature peut &eacute;galement se couvrir les yeux, ce qui annule effectivement son pouvoir de regard.</p><p><em>Format  :</em><strong>Capacit&eacute;s offensives</strong> regard paralysant (18 m, DD 14).</p>",
			"frSource": "XA1 p.157 - XA2 p.153"
		},
		"Grab (Ex)": {
			"frName": "Etreinte (Ext)",
			"frDescription": "<p>Si la cr&eacute;ature parvient &agrave; toucher en effectuant l&rsquo;attaque indiqu&eacute;e (le plus souvent une attaque de griffe ou de morsure), elle inflige les d&eacute;g&acirc;ts normaux de cette attaque. Si le jet d&rsquo;attaque de la cr&eacute;ature parvient &agrave; toucher la CAC + 4 de la cible, elle @Compendium[sfrpg.conditions.4AkWDHGM6gHDepHN]{l&rsquo;agrippe} automatiquement par une action libre. (Si elle parvient &agrave; toucher la CAC + 13 de la cible, elle @Compendium[sfrpg.conditions.XgK4EdO5D3Fj3iWz]{l&rsquo;immobilise} &agrave; la place). La cr&eacute;ature n&rsquo;a pas besoin d&rsquo;avoir un membre de libre pour r&eacute;aliser cette &eacute;treinte, tant qu&rsquo;elle peut effectuer l&rsquo;attaque indiqu&eacute;e, et elle peut potentiellement agripper plus d&rsquo;une cible si elle dispose de plusieurs attaques avec le pouvoir d&rsquo;&eacute;treinte. La cr&eacute;ature peut maintenir l&rsquo;&eacute;treinte gr&acirc;ce &agrave; la r&eacute;ussite d&rsquo;une autre attaque d&rsquo;&eacute;treinte ou en en effectuant une manoeuvre offensive de lutte normalement.</p><p><em>Format  :</em><strong>Corps &agrave; corps</strong> griffe, +8 (1d6+4 plus &eacute;treinte).</p>",
			"frSource": "XA1 p.155 – XA2 p.151"
		},
		"Immunity (Ex or Su)": {
			"frName": "Immunité (Ext ou Sur)",
			"frDescription": "<p>La cr&eacute;ature ne subit aucun d&eacute;g&acirc;t des sources indiqu&eacute;es. Les cr&eacute;atures peuvent &ecirc;tre immunis&eacute;es contre certains types de d&eacute;g&acirc;ts, certains types @Compendium[sfrpg.rules.JaRMioj4isNp7r1P]{d&rsquo;afflictions}, certains &eacute;tats, certains sorts (d&rsquo;une &eacute;cole, d&rsquo;un niveau ou d&rsquo;un type de sauvegarde particulier) ou contre d&rsquo;autres effets. Une cr&eacute;ature immunis&eacute;e contre les coups critiques ne subit ni le double des d&eacute;g&acirc;ts ni les effets critiques. Une cr&eacute;ature immunis&eacute;e contre une source indiqu&eacute;e ne subit ni ses effets ni les effets secondaires qu&rsquo;elle d&eacute;clenche &eacute;ventuellement.</p><p><em>Format  :</em><strong>Immunit&eacute;s</strong> acide, paralysie.</p><p><em>Indications  :</em> une cr&eacute;ature b&eacute;n&eacute;ficie g&eacute;n&eacute;ralement d&rsquo;une immunit&eacute;, plus une tous les 5 FP. Les immunit&eacute;s majeures telles que celles contre les effets mentaux ou contre toutes les formes de magie devraient &ecirc;tre utilis&eacute;es avec parcimonie et comptabilis&eacute;es comme l&rsquo;&eacute;quivalent de plusieurs pouvoirs.</p>",
			"frSource": "XA1 p.155 – XA2 p.152"
		},
		"Incorporeal ": {
			"frName": "Intangible",
			"frDescription": "<p>Une cr&eacute;ature intangible n&rsquo;a pas de corps physique. Elle est immunis&eacute;e contre toutes les attaques cin&eacute;tiques non magiques. Toutes les attaques d&rsquo;&eacute;nergie et les attaques cin&eacute;tiques magiques lui infligent la moiti&eacute; de leurs d&eacute;g&acirc;ts (50 %). Une cr&eacute;ature intangible subit les d&eacute;g&acirc;ts normaux des attaques port&eacute;es par des effets intangibles ou d&rsquo;autres cr&eacute;atures intangibles, ainsi que par tous les effets de force. Les sorts et les effets tangibles qui n&rsquo;infligent aucun d&eacute;g&acirc;t ont 50 % de chances seulement d&rsquo;affecter une cr&eacute;ature intangible. Une cr&eacute;ature intangible est immunis&eacute;e contre les coups critiques.</p> <p>Les attaques d&rsquo;une cr&eacute;ature intangible prennent toujours pour cible la classe d&rsquo;armure &eacute;nerg&eacute;tique de leurs ennemis. Les cr&eacute;atures intangibles ne peuvent pas effectuer d&rsquo;actions physiques destin&eacute;es &agrave; d&eacute;placer ou manipuler un adversaire ou son &eacute;quipement, y compris des manoeuvres offensives, et ne peuvent pas non plus &ecirc;tre la cible de telles actions.</p> <p>Une cr&eacute;ature intangible peut entrer dans des objets solides ou les traverser mais elle doit rester adjacente &agrave; la bordure ext&eacute;rieure d&rsquo;un objet. Ainsi, elle ne peut pas se positionner au centre d&rsquo;un objet dont l&rsquo;emplacement est plus grand que le sien. Elle peut percevoir la pr&eacute;sence des cr&eacute;atures et objets situ&eacute;s dans les emplacements adjacents au sien (voir page 260) mais les ennemis b&eacute;n&eacute;ficient d&rsquo;un camouflage total (50 % de chances de rater ; voir Le camouflage &agrave; la page 253) contre une cr&eacute;ature intangible qui se trouve &agrave; l&rsquo;int&eacute;rieur d&rsquo;un objet. Une cr&eacute;ature intangible &agrave; l&rsquo;int&eacute;rieur d&rsquo;un objet b&eacute;n&eacute;ficie d&rsquo;un abri total mais celui-ci devient normal seulement (voir Les abris &agrave; partir de la page 253) quand elle attaque une cr&eacute;ature situ&eacute;e &agrave; l&rsquo;ext&eacute;rieur de l&rsquo;objet. Une cr&eacute;ature intangible ne peut pas traverser un effet de force. Les cr&eacute;atures intangibles peuvent se mouvoir et agir dans le vide, dans l&rsquo;eau et dans les environnements o&ugrave; la gravit&eacute; est nulle, aussi facilement que dans les airs. Les cr&eacute;atures intangibles ne peuvent pas chuter ou subir des d&eacute;g&acirc;ts de chute. Elles ne p&egrave;sent rien et ne d&eacute;clenchent pas les pi&egrave;ges qui se d&eacute;clenchent uniquement par pression.</p> <p>Les cr&eacute;atures intangibles se d&eacute;placent silencieusement et il est impossible de les entendre avec des tests de Perception, &agrave; moins qu&rsquo;elles ne le souhaitent. Tous les moyens de perception (y compris la vision aveugle et la perception aveugle) bas&eacute;s sur l&rsquo;odorat, l&rsquo;ou&iuml;e ou le toucher sont inefficaces lorsqu&rsquo;il s&rsquo;agit de percevoir les cr&eacute;atures intangibles. Ces cr&eacute;atures ont un sens inn&eacute; de l&rsquo;orientation et peuvent se d&eacute;placer &agrave; leur vitesse normale m&ecirc;me lorsqu&rsquo;elles ne voient plus rien.</p>",
			"frSource": "RDB p.263"
		},
		"Integrated Weapons (Ex)": {
			"frName": "Armes intégrées (Ext)",
			"frDescription": "<p>Les armes de la cr&eacute;ature sont manufactur&eacute;es et non naturelles, et elles sont int&eacute;gr&eacute;es &agrave; sa structure. Il est impossible de d&eacute;sarmer cette cr&eacute;ature, mais on peut lui retirer ses armes une fois qu&rsquo;elle est morte.</p> <p><em>Format.</em> <strong>Capacit&eacute;s d&eacute;fensives</strong> armes int&eacute;gr&eacute;es.</p> <p><em>Conseils.</em> Une arme manufactur&eacute;e est une arme avec un niveau d&rsquo;objet que des personnages peuvent acheter, comme celles qu&rsquo;on trouve dans les tables &agrave; partir de la page 171 du <em>livre de r&egrave;gles de Starfinder.</em></p>",
			"frSource": "XA2 p.149"
		},
		"Invisible": {
			"frName": "Invisible",
			"frDescription": "<p>Une cr&eacute;ature invisible est visuellement ind&eacute;tectable. Une cr&eacute;ature dot&eacute;e uniquement d&rsquo;un moyen de perception impr&eacute;cis ou dont le seul moyen de perception pr&eacute;cis est la vision ne peut pas observer une cr&eacute;ature invisible. Ainsi, une cr&eacute;ature invisible ne peut absolument pas &ecirc;tre vue par une telle cr&eacute;ature qui tenterait de l&rsquo;observer. Les cr&eacute;atures avec la vision aveugle peuvent percevoir les cr&eacute;atures invisibles normalement car la vision aveugle est un sens pr&eacute;cis qui ne d&eacute;pend pas de la vue et elle permet donc aux cr&eacute;atures qui en b&eacute;n&eacute;ficient d&rsquo;observer les cr&eacute;atures invisibles. Voir Les sens &agrave; la page 260 et G&eacute;rer les cr&eacute;atures invisibles &agrave; la page 261 pour plus d&rsquo;informations.</p> <p>Les cr&eacute;atures invisibles restent invisibles, m&ecirc;me dans des environnements inhabituels, sous l&rsquo;eau, par exemple, ou lorsqu&rsquo;elles se trouvent dans le brouillard ou la fum&eacute;e. Elles ne sont pas pour autant silencieuses par magie. On peut toujours les entendre, les sentir et les toucher comme &agrave; l&rsquo;accoutum&eacute;e, m&ecirc;me si les cr&eacute;atures alentour ne peuvent pas les voir. Les cr&eacute;atures invisibles laissent des traces et on peut donc les pister normalement. Un personnage &agrave; la recherche d&rsquo;une cr&eacute;ature invisible peut la trouver si celle-ci l&acirc;che un objet, parle, &eacute;met une odeur forte, laisse derri&egrave;re elle des traces &eacute;videntes ou accomplit une quelconque autre action qui r&eacute;v&egrave;le sa pr&eacute;sence. Trouver une cr&eacute;ature invisible de cette fa&ccedil;on n&eacute;cessite un test de Perception comme &agrave; l&rsquo;accoutum&eacute;e. S&rsquo;il est r&eacute;ussi, et en partant du principe que la vision est votre seul sens pr&eacute;cis, vous devenez conscient de la pr&eacute;sence de la cr&eacute;ature invisible sans pour autant savoir o&ugrave; elle se situe exactement. Si vous cherchez activement une cr&eacute;ature invisible, le MJ peut vous octroyer un bonus ou un malus &agrave; vos tests de Perception en fonction de la situation.</p> <p>Les objets l&acirc;ch&eacute;s ou pos&eacute;s par une cr&eacute;ature invisible deviennent visibles. Les objets qu&rsquo;elle ramasse disparaissent s&rsquo;ils sont rang&eacute;s sous un v&ecirc;tement ou dans une sacoche que porte la cr&eacute;ature. Quoi qu&rsquo;il en soit, la lumi&egrave;re ne devient jamais invisible, m&ecirc;me si c&rsquo;est le cas de la source de la lumi&egrave;re (cr&eacute;ant ainsi l&rsquo;effet d&rsquo;une lumi&egrave;re sans source visible). Toutes les parties d&rsquo;un objet que la cr&eacute;ature porte mais qui s&rsquo;&eacute;tendent &agrave; plus de 3 m&egrave;tres d&rsquo;elle deviennent visibles.</p> <p>L&rsquo;invisibilit&eacute; n&rsquo;emp&ecirc;che pas les sorts ou les effets de divination de fonctionner. Les cr&eacute;atures invisibles ne peuvent pas utiliser leurs &eacute;ventuelles attaques de regard (voir les <em>X&eacute;no-archives Starfinder</em>). Si vous &ecirc;tes invisible ou que vous le devenez alors que vous &ecirc;tes agripp&eacute;, vous b&eacute;n&eacute;ficiez d&rsquo;un bonus de circonstances de +2 &agrave; votre test pour vous lib&eacute;rer mais vous ne b&eacute;n&eacute;ficiez d&rsquo;aucun autre avantage contre la cr&eacute;ature qui vous agrippe.</p>",
			"frSource": "RDB p.263"
		},
		"Light Blindness (Ex)": {
			"frName": "Aveuglé par la lumière (Ext)",
			"frDescription": "<p>La cr&eacute;ature est aveugl&eacute;e pendant 1 round quand elle est expos&eacute;e pour la premi&egrave;re fois &agrave; une lumi&egrave;re vive, telle que celle du soleil, et elle est @Compendium[sfrpg.conditions.YjE6UGzwOTfO9p4g]{&eacute;blouie} aussi longtemps qu&rsquo;elle reste dans une zone de lumi&egrave;re vive.</p><p><em>Format  :</em><strong>Faiblesses</strong> aveugl&eacute; par la lumi&egrave;re.</p>",
			"frSource": "XA1 p.153"
		},
		"Limited Telepathy (Ex or Su)": {
			"frName": "Télépathie limitée (Ext ou Sur)",
			"frDescription": "<p>La cr&eacute;ature peut communiquer mentalement avec les cr&eacute;atures &agrave; port&eacute;e (celle-ci est pr&eacute;cis&eacute;e) et avec lesquelles elle partage une m&ecirc;me langue. Voir la page 265 du <em>Livre de r&egrave;gles Starfinder</em> pour plus d&rsquo;informations.</p><p><em>Format  :</em><strong>Langues</strong> t&eacute;l&eacute;pathie limit&eacute;e 9 m.</p>",
			"frSource": "XA1 p.158"
		},
		"Low-Light Vision (Ex)": {
			"frName": "Vision nocturne (Ext)",
			"frDescription": "<p>La cr&eacute;ature peut voir dans les zones faiblement &eacute;clair&eacute;es comme si elles &eacute;taient normalement &eacute;clair&eacute;es. &Agrave; la diff&eacute;rence de la @Compendium[sfrpg.universal-creature-rules.3Yg98sD5UymVymF9]{vision dans le noir}, une cr&eacute;ature avec la vision nocturne per&ccedil;oit les couleurs. Une cr&eacute;ature avec la vision nocturne peut lire, m&ecirc;me avec une minuscule source de lumi&egrave;re &agrave; proximit&eacute;. Les cr&eacute;atures avec la vision nocturne peuvent voir dehors, de nuit, sous un simple clair de lune aussi convenablement que de jour, car la lune diffuse une lumi&egrave;re faible.</p><p><em>Format  :</em><strong>Sens</strong> vision nocturne.</p>",
			"frSource": "XA1 p.159"
		},
		"Mindless (Ex)": {
			"frName": "Dénué d'intelligence (Ext)",
			"frDescription": "<p>La cr&eacute;ature n&rsquo;a pas de valeur ou de modificateur d&rsquo;Intelligence et elle est immunis&eacute;e contre @Compendium[sfrpg.rules.PqV3OCbUTyk2upPD]{les effets mentaux}. Pour calculer les DD ou autres statistiques bas&eacute;s sur la valeur d&rsquo;Intelligence, on consid&egrave;re que la cr&eacute;ature poss&egrave;de une valeur de 10 (+0).</p><p><em>Format  :</em><strong>Autres capacit&eacute;s</strong> d&eacute;nu&eacute; d&rsquo;intelligence.</p><p><em>Indications  :</em> les cr&eacute;atures d&eacute;nu&eacute;es d&rsquo;intelligence ont g&eacute;n&eacute;ralement moins de comp&eacute;tences convenables et aucune comp&eacute;tence ma&icirc;tris&eacute;e. Leurs comp&eacute;tences devraient se baser uniquement sur leurs capacit&eacute;s inn&eacute;es car elles sont incapables de s&rsquo;entra&icirc;ner ou de se former.</p>",
			"frSource": "XA1 p.154 – XA2 p.150"
		},
		"Multiarmed (Ex)": {
			"frName": "Bras multiples (Ext)",
			"frDescription": "<p>La cr&eacute;ature poss&egrave;de le nombre de bras indiqu&eacute;. Cela lui permet de manier et de tenir autant d&rsquo;armes et d&rsquo;&eacute;quipement qu&rsquo;elle a de mains. Si cela augmente le nombre d&rsquo;objets qu&rsquo;elle peut avoir &agrave; disposition, cela ne change en rien le nombre d&rsquo;attaques qu&rsquo;elle peut ex&eacute;cuter en combat.</p><p><em>Format : </em><strong>Autres capacit&eacute;s</strong> bras multiples (4).</p><p>&nbsp;</p>",
			"frSource": "XA2 p.149"
		},
		"Multiattack (Ex)": {
			"frName": "Attaques multiples (Ext)",
			"frDescription": "<p>En plus de son attaque standard au corps &agrave; corps ou &agrave; distance, la cr&eacute;ature pr&eacute;sente une ligne attaques multiples. Quand elle attaque &agrave; outrance, la cr&eacute;ature peut porter toutes les attaques indiqu&eacute;es par la ligne attaques multiples avec les bonus d&rsquo;attaque indiqu&eacute;s, plut&ocirc;t que de faire deux attaques. Elle peut proc&eacute;der &agrave; ces attaques dans l&rsquo;ordre de son choix.</p><p><em>Format : </em><strong>Attaques multiples morsure</strong>, +10 (1d4+11), 2 griffes, +10 (1d4+11).</p><p><em>Conseils :</em> Utilisez la colonne de d&eacute;g&acirc;ts correspondant &agrave; la cat&eacute;gorie de la cr&eacute;ature pour toutes les attaques de l&rsquo;attaque multiple, et imposez un malus de &minus;6 &agrave; ces attaques (au lieu du malus habituel de &minus;4 correspondant &agrave; une attaque &agrave; outrance).</p>",
			"frSource": "XA1 p.152"
		},
		"Natural Weapons (Ex)": {
			"frName": "Armes naturelles (Ext)",
			"frDescription": "<p>Les armes naturelles (et les attaques naturelles), comme un crachat acide, une morsure, une griffe ou un coup n&rsquo;ont pas besoin de munition et ne peuvent pas faire l&rsquo;objet d&rsquo;une tentative de d&eacute;sarmement ou de destruction.</p>",
			"frSource": "XA1 p.152 – XA2 p.149"
		},
		"No Breath (Ex)": {
			"frName": "Ne respire pas (Ext)",
			"frDescription": "<p>La cr&eacute;ature ne respire pas et est immunis&eacute;e contre les effets qui n&eacute;cessitent de respirer (tels que @Compendium[sfrpg.rules.aKqRtg165rAly1Cc]{les poisons} inhal&eacute;s). Cela ne lui procure aucune immunit&eacute; contre les attaques de nuage ou de gaz qui n&rsquo;affectent pas uniquement les cr&eacute;atures qui doivent respirer.</p><p><em>Format  :</em><strong>Autres capacit&eacute;s</strong> ne respire pas.</p>",
			"frSource": "XA1 p.156"
		},
		"Ooze Immunities (Ex)": {
			"frName": "Immunités des vases (Ext)",
			"frDescription": "<p>Les vases sont immunis&eacute;es contre les effets suivants, &agrave; moins que la description d&rsquo;un effet ne pr&eacute;cise son fonctionnement sp&eacute;cifique contre ce type de cr&eacute;atures.</p><ul><li>Les coups critiques, @Compendium[sfrpg.conditions.NV4qXRDgb7zTNkW2]{la paralysie}, @Compendium[sfrpg.rules.aKqRtg165rAly1Cc]{le poison}, la m&eacute;tamorphose, @Compendium[sfrpg.conditions.3iTdt2NRgIyrychR]{le sommeil} et @Compendium[sfrpg.conditions.CvsDp0GvojxiF2jz]{l&rsquo;&eacute;tourdissement}.</li><li>Les pouvoirs de regard, les illusions, les effets visuels et les autres attaques bas&eacute;es sur la vue.</li><li>La prise en tenaille &ndash; il est impossible de prendre les vases en tenaille.</li></ul><p><em>Format  :</em><strong>Immunit&eacute;s</strong> immunit&eacute;s des vases.</p>",
			"frSource": "XA1 p.156 – XA2 p.152"
		},
		"Plant Immunities (Ex)": {
			"frName": "Immunités des plantes (Ext)",
			"frDescription": "<p>Les plantes sont immunis&eacute;es contre les effets suivants, &agrave; moins que la description d&rsquo;un effet ne pr&eacute;cise son fonctionnement sp&eacute;cifique contre ce type de cr&eacute;atures.</p><ul><li>@Compendium[sfrpg.rules.PqV3OCbUTyk2upPD]{Les effets mentaux}, @Compendium[sfrpg.conditions.NV4qXRDgb7zTNkW2]{la paralysie}, @Compendium[sfrpg.rules.aKqRtg165rAly1Cc]{le poison}, la m&eacute;tamorphose, @Compendium[sfrpg.conditions.3iTdt2NRgIyrychR]{le sommeil} et @Compendium[sfrpg.conditions.CvsDp0GvojxiF2jz]{l&rsquo;&eacute;tourdissement}.</li></ul><p><em>Format  :</em><strong>Immunit&eacute;s</strong> immunit&eacute;s des plantes.</p>",
			"frSource": "XA1 p.156 – XA2 p.152"
		},
		"Plantlike (Ex)": {
			"frName": "Végétal (Ext)",
			"frDescription": "<p>En ce qui concerne les effets qui ciblent les cr&eacute;atures en fonction de leur type, les cr&eacute;atures v&eacute;g&eacute;tales sont &agrave; la fois consid&eacute;r&eacute;es comme des cr&eacute;atures de leur type et comme des plantes, selon ce qui est le plus d&eacute;savantageux pour elles. Elles b&eacute;n&eacute;ficient &eacute;galement d&rsquo;un bonus racial de +2 aux jets de sauvegarde contre @Compendium[sfrpg.rules.PqV3OCbUTyk2upPD]{les effets mentaux}, @Compendium[sfrpg.conditions.NV4qXRDgb7zTNkW2]{la paralysie}, @Compendium[sfrpg.rules.aKqRtg165rAly1Cc]{le poison}, la m&eacute;tamorphose, @Compendium[sfrpg.conditions.3iTdt2NRgIyrychR]{le sommeil} et @Compendium[sfrpg.conditions.CvsDp0GvojxiF2jz]{l&rsquo;&eacute;tourdissement}, &agrave; moins que la description de l&rsquo;effet ne pr&eacute;cise son fonctionnement sp&eacute;cifique contre les plantes.</p><p><em>Format  :</em><strong>Autres capacit&eacute;s</strong> v&eacute;g&eacute;tal.</p>",
			"frSource": "XA1 p.158"
		},
		"Regeneration (Ex)": {
			"frName": "Régénération (Ext)",
			"frDescription": "<p>La cr&eacute;ature r&eacute;cup&egrave;re des points de vie au d&eacute;but de son tour, comme avec la <em>gu&eacute;rison acc&eacute;l&eacute;r&eacute;e</em>, mais elle ne peut pas mourir tant que &ccedil;a r&eacute;g&eacute;n&eacute;ration continue de fonctionner (les cr&eacute;atures avec la r&eacute;g&eacute;n&eacute;ration tombent quand m&ecirc;me @Compendium[sfrpg.conditions.lf8pbezocjYIvR9y]{inconscientes} s&rsquo;il leur reste 0 point de vie). Certaines attaques, le plus souvent celles qui infligent des d&eacute;g&acirc;ts d&rsquo;acide ou de feu, provoquent l&rsquo;arr&ecirc;t du fonctionnement de la r&eacute;g&eacute;n&eacute;ration d&rsquo;une cr&eacute;ature pendant 1 round. Pendant ce round, la cr&eacute;ature ne r&eacute;g&eacute;n&egrave;re plus ses points de vie et peut mourir normalement. Le profil de la cr&eacute;ature pr&eacute;cise les types de d&eacute;g&acirc;ts qui annulent la r&eacute;g&eacute;n&eacute;ration.</p><p>La r&eacute;g&eacute;n&eacute;ration ne permet pas de r&eacute;cup&eacute;rer les points de vie perdus &agrave; cause de la faim, de la soif ou de la suffocation. Les portions de corps que les cr&eacute;atures ont perdues repoussent gr&acirc;ce &agrave; la r&eacute;g&eacute;n&eacute;ration et elles peuvent &eacute;galement ressouder les parties de leur corps tranch&eacute;es si elles l&rsquo;ont &eacute;t&eacute; il y a une heure ou moins. Les parties tranch&eacute;es qui ne sont pas ressoud&eacute;es se fl&eacute;trissent et se d&eacute;composent normalement.</p><p>Une cr&eacute;ature doit g&eacute;n&eacute;ralement avoir une valeur ou un modificateur de Constitution pour poss&eacute;der ce pouvoir.</p><p><em>Format  :</em><strong>Capacit&eacute;s d&eacute;fensives</strong> r&eacute;g&eacute;n&eacute;ration 5 (acide).</p>",
			"frSource": "XA1 p.157 - XA2 p.153"
		},
		"Resistance (Ex)": {
			"frName": "Résistance (Ext)",
			"frDescription": "<p>La cr&eacute;ature ignore un montant de d&eacute;g&acirc;ts pr&eacute;cis&eacute; d&rsquo;un certain type (acide, &eacute;lectricit&eacute;, feu, froid ou son) par attaque mais elle n&rsquo;est pas totalement immunis&eacute;e contre ces d&eacute;g&acirc;ts. Voir la page 265 du <em>Livre de r&egrave;gles Starfinder</em> pour plus d&rsquo;informations.</p><p><em>Format  :</em><strong>R&eacute;sistances</strong> acide 10.</p>",
			"frSource": "XA1 p.157"
		},
		"See In Darkness (Su)": {
			"frName": "Vision dans les ténèbres (Sur)",
			"frDescription": "<p>La cr&eacute;ature voit parfaitement dans les t&eacute;n&egrave;bres de toutes sortes, y compris les t&eacute;n&egrave;bres magiques.</p><p><em>Format  :</em><strong>Sens</strong> vision dans les t&eacute;n&egrave;bres.</p>",
			"frSource": "XA1 p.158"
		},
		"Sense Through (Su)": {
			"frName": "Perception pénétrante (Sur)",
			"frDescription": "<p>La cr&eacute;ature peut percevoir &agrave; travers des obstacles qui bloquent normalement la possibilit&eacute; de percevoir ce qui se trouve derri&egrave;re. Le sens sp&eacute;cifique qu&rsquo;utilise ce pouvoir est indiqu&eacute; entre parenth&egrave;ses apr&egrave;s la r&eacute;f&eacute;rence &agrave; la perception p&eacute;n&eacute;trante dans le profil de la cr&eacute;ature. Si le pouvoir permet &agrave; la cr&eacute;ature de percevoir &agrave; travers une mati&egrave;re sp&eacute;cifique, celle-ci est indiqu&eacute;e apr&egrave;s la r&eacute;f&eacute;rence au sens utilis&eacute;. Voir la page 263 du <em>Livre de r&egrave;gles Starfinder</em> pour plus d&rsquo;informations sur la perception p&eacute;n&eacute;trante.</p><p><em>Format  :</em><strong>Sens</strong> perception p&eacute;n&eacute;trante (vision).</p>",
			"frSource": "XA1 p.156"
		},
		"Sightless (Ex)": {
			"frName": "Aveugle (Ext)",
			"frDescription": "<p>La cr&eacute;ature n&rsquo;utilise aucun moyen de perception visuel et n&rsquo;est donc jamais sujette aux effets n&eacute;cessitant que la cr&eacute;ature voie une cible ou un effet. Les cr&eacute;atures aveugles disposent g&eacute;n&eacute;ralement d&rsquo;un autre type de vision pour compenser cet @Compendium[sfrpg.universal-creature-rules.4HvnYWLhFBiuvDxD]{aveuglement} mais, si ce n&rsquo;est pas le cas, on part du principe qu&rsquo;elles sont tout aussi capables d&rsquo;agir comme des cr&eacute;atures qui disposent d&rsquo;un moyen de perception visuel, &agrave; moins que le contraire ne soit indiqu&eacute; dans la description de la cr&eacute;ature.</p><p><em>Format  :</em><strong>Sens</strong> aveugle.</p>",
			"frSource": "XA1 p.153"
		},
		"Solar Adaptation (Ex or Su)": {
			"frName": "Adaptation solaire (Ext ou Sur)",
			"frDescription": "<p>La cr&eacute;ature peut vivre &agrave; l&rsquo;int&eacute;rieur d&rsquo;une &eacute;toile, malgr&eacute; la luminosit&eacute;, la pression, les radiations et les courants de convection. En outre, tant qu&rsquo;elle se trouve dans une &eacute;toile, la cr&eacute;ature peut se d&eacute;placer comme si elle poss&eacute;dait une vitesse de vol surnaturelle &eacute;gale &agrave; sa vitesse de d&eacute;placement la plus &eacute;lev&eacute;e.</p> <ul> <li>Immunit&eacute; aux rayons cosmiques.</li> <li>Immunit&eacute; aux effets environnementaux du vide.</li> <li>Ne respire pas (voir page 152).</li> </ul> <p><em>Format : </em>&nbsp;<strong>Autres capacit&eacute;s</strong> adaptation solaire.</p> <p><em>Conseils :</em> une cr&eacute;ature dot&eacute;e d&rsquo;adaptation solaire devrait &eacute;galement avoir le sous-type feu ou une immunit&eacute; au feu.</p> <p>&nbsp;</p>",
			"frSource": "XA2 p.148"
		},
		"Spaceflight (Su)": {
			"frName": "Vol spatial (Sur)",
			"frDescription": "<p>La cr&eacute;ature peut voler dans l&rsquo;espace &agrave; des vitesses de navigation et d&rsquo;astrogation conventionnelles (<em>Livre de r&egrave;gles 290</em>) en utilisant Pilotage pour s&rsquo;orienter. S&rsquo;il utilise une comp&eacute;tence autre que Pilotage pour les tests de comp&eacute;tence d&rsquo;astrogation, cette comp&eacute;tence est mentionn&eacute;e entre parenth&egrave;ses.</p> <p><em>Format.</em> <strong>Autres capacit&eacute;s</strong> vol spatial (Mysticisme).</p> <p><em>Conseils.</em> La plupart des cr&eacute;atures dot&eacute;es de vol spatial ont &eacute;galement @Compendium[sfrpg.universal-creature-rules.Zo5poFuFlNvLYMwh]{l&rsquo;adaptation au vide} (voir page 148).</p>",
			"frSource": "XA2 p.154"
		},
		"Spell Resistance (Ex)": {
			"frName": "Résistance à la Magie (Ext)",
			"frDescription": "<p>La cr&eacute;ature peut &eacute;viter les effets de certains sorts et pouvoirs magiques qui la prennent directement pour cible. Pour d&eacute;terminer si un sort ou un pouvoir magique fonctionne contre une cr&eacute;ature b&eacute;n&eacute;ficiant d&rsquo;une r&eacute;sistance &agrave; la magie, le lanceur du sort ou l&rsquo;utilisateur du pouvoir magique doit effectuer un test de niveau de lanceur de sorts (1d20 + niveau de lanceur de sorts). Si le r&eacute;sultat est &eacute;gal ou sup&eacute;rieur &agrave; la r&eacute;sistance &agrave; la magie, le sort ou le pouvoir magique fonctionne normalement, mais la cr&eacute;ature peut toujours effectuer des jets de sauvegarde normalement, s&rsquo;ils sont autoris&eacute;s. Voir la plage 264 du <em>Livre de r&egrave;gles Starfinder</em> pour plus d&rsquo;informations.</p><p><em>Format  :</em><strong>RM</strong> 18.</p>",
			"frSource": "XA1 p.157"
		},
		"Spider Climb (Ex)": {
			"frName": "Pattes d’araignée (Ext)",
			"frDescription": "<p>La cr&eacute;ature peut escalader comme si elle &eacute;tait sous le coup du sort <em>@Compendium[sfrpg.spells.jA6eTWFaULIpjXAx]{pattes d&rsquo;araign&eacute;e}</em>.</p><p><em>Format : </em><strong>VD</strong> pattes d&rsquo;araign&eacute;e.</p><p>&nbsp;</p>",
			"frSource": "XA2 p.153"
		},
		"Stellar Alignment (Su)": {
			"frName": "Alignement stellaire (Sur)",
			"frDescription": "<p>La cr&eacute;ature est align&eacute;e avec les cycles des syst&egrave;mes solaires. Les cr&eacute;atures avec l&rsquo;alignement stellaire ont g&eacute;n&eacute;ralement des r&eacute;v&eacute;lations stellaires et des r&eacute;v&eacute;lations ultimes, soit celles de la classe de solarien, soit des r&eacute;v&eacute;lations qui leur sont propres. Quand elle utilise des r&eacute;v&eacute;lations stellaires, on consid&egrave;re que la cr&eacute;ature est toujours synchronis&eacute;e. Toutefois, elle n&rsquo;est pas consid&eacute;r&eacute;e comme &eacute;tant toujours harmonis&eacute;e, et ne peut donc pas toujours utiliser de pouvoirs ultimes. Quand vous faites un jet d&rsquo;initiative pour la cr&eacute;ature, lancez 1d3. Lorsque s&rsquo;est &eacute;coul&eacute; le nombre de rounds d&eacute;termin&eacute; au d&eacute;, on consid&egrave;re que la cr&eacute;ature est harmonis&eacute;e et qu&rsquo;elle peut utiliser ses pouvoirs ultimes. Apr&egrave;s avoir utilis&eacute; un pouvoir ultime, elle n&rsquo;est plus harmonis&eacute;e et vous lancez un nouveau d3 pour d&eacute;terminer le nombre de rounds qu&rsquo;il faut attendre avant qu&rsquo;elle soit de nouveau harmonis&eacute;e.</p><p>Si une cr&eacute;ature a l&rsquo;alignement stellaire (graviton) ou l&rsquo;alignement stellaire (photon), on consid&egrave;re qu&rsquo;elle est synchronis&eacute;e uniquement pour le mode indiqu&eacute; et qu&rsquo;elle devient harmonis&eacute;e uniquement pour ce mode, en proc&eacute;dant de la fa&ccedil;on d&eacute;crite plus haut.</p><p><em>Format  :</em><strong>Autres capacit&eacute;s</strong> alignement stellaire (graviton).</p>",
			"frSource": "XA1 p.152"
		},
		"Summon Allies (Sp)": {
			"frName": "Convocation d'alliés (Mag)",
			"frDescription": "<p>La cr&eacute;ature peut tenter de convoquer des cr&eacute;atures dont le type est identique au sien par une action complexe. L&rsquo;alli&eacute; convoqu&eacute; retourne d&rsquo;o&ugrave; il vient au bout d&rsquo;une heure.</p><p><em>Format  :</em><strong>Pouvoirs magiques</strong> 1/jour &ndash; convocation d&rsquo;alli&eacute;s (1 diablotin 60 %).</p><p><em>Indications  :</em> choisissez une cr&eacute;ature de m&ecirc;me FP que le monstre (avec une chance de r&eacute;ussite de 35 %) ou une cr&eacute;ature dont le FP est inf&eacute;rieur ou &eacute;gal &agrave; celui du monstre - 5 (avec une chance de r&eacute;ussite de 60 %).</p>",
			"frSource": "XA1 p.153 – XA2 p.150"
		},
		"Swallow Whole (Ex)": {
			"frName": "Engloutissement (Ext)",
			"frDescription": "<p>Si la cr&eacute;ature touche avec l&rsquo;attaque indiqu&eacute;e (g&eacute;n&eacute;ralement une attaque de morsure), elle inflige les d&eacute;g&acirc;ts normaux. Si le jet d&rsquo;attaque de la cr&eacute;ature touche avec succ&egrave;s la CAC+4 de la cible, la cr&eacute;ature agrippe aussi automatiquement l&rsquo;adversaire en m&ecirc;me temps qu&rsquo;elle effectue son action d&rsquo;attaque. (Si elle touche la CAC+13 de la cible, elle l&rsquo;immobilise &agrave; la place). La cr&eacute;ature n&rsquo;a pas besoin d&rsquo;avoir un membre de libre pour agripper son adversaire. Sauf indication contraire, une cr&eacute;ature peut engloutir uniquement les cibles d&rsquo;au moins une cat&eacute;gorie de taille en dessous de la sienne et il y a suffisamment d&rsquo;espace dans son estomac pour une seule cible de cette taille (doublez le nombre maximum de cr&eacute;atures qu&rsquo;elle peut engloutir pour chaque cat&eacute;gorie de taille de ces cr&eacute;atures en dessous de la sienne).</p><p>Lors du prochain tour de la cr&eacute;ature apr&egrave;s avoir agripp&eacute; ou @Compendium[sfrpg.conditions.XgK4EdO5D3Fj3iWz]{immobilis&eacute;} sa cible, si celle-ci ne s&rsquo;est pas lib&eacute;r&eacute;e de l&rsquo;agrippement ou de l&rsquo;immobilisation, elle subit automatiquement les d&eacute;g&acirc;ts de l&rsquo;attaque au d&eacute;but du tour de la cr&eacute;ature. La cr&eacute;ature peut ensuite faire un nouveau jet d&rsquo;attaque avec la m&ecirc;me attaque. Si elle touche la CAC+4 de la cible, celle-ci est engloutie (aucun d&eacute;g&acirc;t n&rsquo;est inflig&eacute;).</p><p>Une fois engloutie, la cible subit automatiquement les d&eacute;g&acirc;ts d&rsquo;engloutissement indiqu&eacute;s, chaque round au d&eacute;but de son tour. La cible est consid&eacute;r&eacute;e comme @Compendium[sfrpg.conditions.4AkWDHGM6gHDepHN]{agripp&eacute;e} aussi longtemps qu&rsquo;elle est engloutie. La cible peut trancher l&rsquo;estomac pour en sortir (l&rsquo;int&eacute;rieur d&rsquo;une cr&eacute;ature avec l&rsquo;engloutissement a la m&ecirc;me CAE que son ext&eacute;rieur et une CAC &eacute;gale &agrave; celle de son ext&eacute;rieur -4) en infligeant un montant de d&eacute;g&acirc;ts &eacute;gal &agrave; un quart du total de points de vie de la cr&eacute;ature. Toutefois, une attaque dont les d&eacute;g&acirc;ts ne sont pas tranchants inflige seulement la moiti&eacute; des d&eacute;g&acirc;ts normaux. Si une cr&eacute;ature parvient &agrave; s&rsquo;extirper hors de la cr&eacute;ature, celle-ci ne peut plus r&eacute;utiliser l&rsquo;engloutissement tant que ces d&eacute;g&acirc;ts ne sont pas soign&eacute;s.</p><p>Par ailleurs, une cible engloutie peut tenter d&rsquo;escalader pour s&rsquo;extirper hors de la cr&eacute;ature. La cr&eacute;ature engloutie doit r&eacute;ussir un test de lutte contre la CAC+8 int&eacute;rieure de la cr&eacute;ature et un test d&rsquo;Athl&eacute;tisme pour escalader (DD = 10 + 1,5 &times; la FP de la cr&eacute;ature). Chacune de ces actions n&eacute;cessite une action complexe. Si les deux tests sont r&eacute;ussis, la cible parvient &agrave; atteindre la gueule de la cr&eacute;ature et &agrave; en sortir pour se retrouver dans une case vide adjacente &agrave; la cr&eacute;ature.</p><p><em>Format  :</em><strong>Corps &agrave; corps</strong> morsure, +19 (5d4+16 P plus engloutissement) ;<strong> Capacit&eacute;s offensives</strong> engloutissement (5d4+16 A, CAE 30, CAC 27, 71 pv).</p>",
			"frSource": "XA1 p.154 – XA2 p.150"
		},
		"Swarm Attack (Ex)": {
			"frName": "Attaque de nuée (Ext)",
			"frDescription": "<p>La cr&eacute;ature inflige des d&eacute;g&acirc;ts automatiques &agrave; toutes les cr&eacute;atures situ&eacute;es dans les cases qu&rsquo;elle occupe &agrave; la fin de son tour, sans qu&rsquo;aucun jet d&rsquo;attaque ne soit n&eacute;cessaire. Les attaques de nu&eacute;e ne sont pas sujettes aux chances d&rsquo;&eacute;chec engendr&eacute;es par les camouflages ou les abris.</p><p><em>Format  :</em><strong>Corps &agrave; corps attaque</strong> de nu&eacute;e (1d6+2 P).</p><p><em>Indications  :</em> pour d&eacute;terminer le montant de d&eacute;g&acirc;ts qu&rsquo;une cr&eacute;ature de FP 6 ou moins inflige avec une attaque de nu&eacute;e, utilisez la valeur indiqu&eacute;e au croisement de la colonne Trois attaques et de la ligne FP 6 dans la table de la cat&eacute;gorie appropri&eacute;e (voir les pages 129 &agrave; 132), en r&eacute;duisant les d&eacute;g&acirc;ts additionnels de ce FP pour qu&rsquo;ils correspondent au FP r&eacute;el. Pour toutes les autres cr&eacute;atures, utilisez la colonne Quatre attaques et la ligne correspondant au FP dans la table de la cat&eacute;gorie correspondante.</p>",
			"frSource": "XA1 p.152"
		},
		"Swarm Defenses (Ex)": {
			"frName": "Défense de nuée (Ext)",
			"frDescription": "<p>Les nu&eacute;es subissent les d&eacute;g&acirc;ts des armes diff&eacute;remment en fonction de la fa&ccedil;on dont chaque arme les prend pour cible.</p><p>Une nu&eacute;e est immunis&eacute;e contre les attaques et les effets qui ciblent une seule cr&eacute;ature (y compris les sorts &agrave; cible unique), &agrave; l&rsquo;exception des @Compendium[sfrpg.rules.PqV3OCbUTyk2upPD]{effets mentaux} si la nu&eacute;e &agrave; une valeur d&rsquo;Intelligence et un pouvoir similaire &agrave; l&rsquo;esprit de ruche des formiens (voir page 44).</p><p>Une nu&eacute;e subit 50 % de d&eacute;g&acirc;ts suppl&eacute;mentaires des effets qui affectent toutes les cibles dans une zone, telles que les grenades, les armes &agrave; dispersion et &agrave; explosion et nombre de sorts d&rsquo;&eacute;vocation.</p><p>Une nu&eacute;e subit les d&eacute;g&acirc;ts normaux d&rsquo;une attaque ou d&rsquo;un effet qui affecte plusieurs cibles (y compris les attaques en ligne et en mode automatique). En ce qui concerne les tirs automatiques, la nu&eacute;e compte comme cinq cibles. Par exemple, si une attaque en mode automatique est effectu&eacute;e en tirant 12 munitions, il est possible d&rsquo;attaquer un maximum de six cibles, elle peut donc blesser une nu&eacute;e normalement. Toutefois, si deux autres cibles sont plus proches que la nu&eacute;e du tireur, il doit les attaquer en premier, et il ne reste donc que quatre attaques pour cibler la nu&eacute;e ; celle-ci ne subit donc aucun d&eacute;g&acirc;t.</p><p><em>Format  :</em><strong>Capacit&eacute;s d&eacute;fensives</strong> d&eacute;fense de nu&eacute;e.</p>",
			"frSource": "XA1 p.154 – XA2 p.150"
		},
		"Swarm Immunities (Ex)": {
			"frName": "Immunités des nuées (Ext)",
			"frDescription": "<p>Les nu&eacute;es sont immunis&eacute;es contre les effets suivants, &agrave; moins que la description d&rsquo;un effet ne pr&eacute;cise son fonctionnement sp&eacute;cifique contre ce type de cr&eacute;atures.</p><ul><li>@Compendium[sfrpg.conditions.v9RNVTqyTyaPchvd]{Les saignements et les h&eacute;morragies}, les coups critiques, les &eacute;tats @Compendium[sfrpg.conditions.MZ8OoH1GE9qDMyCD]{pris au d&eacute;pourvu}, impr&eacute;cis, @Compendium[sfrpg.conditions.XgK4EdO5D3Fj3iWz]{immobilis&eacute;}, @Compendium[sfrpg.conditions.XeRGqHVtcZ7vsgJ0]{&agrave; terre}, chancelant et @Compendium[sfrpg.conditions.CvsDp0GvojxiF2jz]{&eacute;tourdi}.</li><li>Les manoeuvres offensives &ndash; les nu&eacute;es ne peuvent pas &ecirc;tre affect&eacute;es par des manoeuvres offensives et ne peuvent pas en effectuer, sauf indication contraire dans la description de la nu&eacute;e.</li><li>Prise en tenaille &ndash; il est impossible de prendre des nu&eacute;es en tenaille.</li><li>Agonisant &ndash; une nu&eacute;e r&eacute;duite &agrave; 0 point de vie se disperse et cesse d&rsquo;exister en tant que nu&eacute;e, m&ecirc;me si les membres qui la composent peuvent survivre.</li></ul><p><em>Format  :</em><strong>Immunit&eacute;s</strong> immunit&eacute;s des nu&eacute;es.</p>",
			"frSource": "XA1 p.156 – XA2 p.152"
		},
		"Telepathy": {
			"frName": "Télépathie",
			"frDescription": "<p>Une cr&eacute;ature ayant le pouvoir sp&eacute;cial de t&eacute;l&eacute;pathie peut communiquer mentalement avec une autre cr&eacute;ature, qui doit conna&icirc;tre une langue au moins, jusqu&rsquo;&agrave; une certaine distance (pr&eacute;cis&eacute;e dans la description de la cr&eacute;ature, m&ecirc;me si la port&eacute;e de la t&eacute;l&eacute;pathie est g&eacute;n&eacute;ralement de 30 m&egrave;tres). Il est possible de communiquer t&eacute;l&eacute;pathiquement avec plusieurs cr&eacute;atures &agrave; la fois, mais maintenir une conversation t&eacute;l&eacute;pathique avec plus d&rsquo;une cr&eacute;ature en m&ecirc;me temps est aussi compliqu&eacute; que de parler simultan&eacute;ment avec plusieurs personnes &agrave; la fois.</p> <h3>T&eacute;l&eacute;pathie limit&eacute;e</h3> <p>La t&eacute;l&eacute;pathie limit&eacute;e fonctionne de la m&ecirc;me mani&egrave;re que la t&eacute;l&eacute;pathie, sauf que la cr&eacute;ature dot&eacute;e du pouvoir sp&eacute;cial de t&eacute;l&eacute;pathie limit&eacute;e et celle avec laquelle elle communique doivent conna&icirc;tre une m&ecirc;me langue.</p>",
			"frSource": "RDB p.265"
		},
		"Tracking (Ex)": {
			"frName": "Pistage (Ext)",
			"frDescription": "<p>La cr&eacute;ature peut utiliser la comp&eacute;tence de Perception avec le sens indiqu&eacute; pour accomplir la t&acirc;che suivre des traces de la comp&eacute;tence de Survie. Le sens est g&eacute;n&eacute;ralement en lien avec un type de traces que la plupart des cr&eacute;atures laissent derri&egrave;re elles, tel qu&rsquo;une odeur ou une tra&icirc;n&eacute;e de chaleur. La cr&eacute;ature dispose &eacute;ventuellement d&rsquo;un bonus ou d&rsquo;un malus &agrave; son test de Perception pour suivre des traces, en fonction de l&rsquo;importance des traces laiss&eacute;es par la proie, &agrave; l&rsquo;appr&eacute;ciation du MJ. Il est possible que des traces tr&egrave;s importantes masquent compl&egrave;tement d&rsquo;autres traces, ce qui complique beaucoup le pistage des traces moins importantes.</p><p><em>Format  :</em><strong>Autres capacit&eacute;s</strong> pistage (odorat).</p>",
			"frSource": "XA1 p.157 – XA2 p.153"
		},
		"Trample (Ex)": {
			"frName": "Piétinement (Ext)",
			"frDescription": "<p>Par une action complexe, la cr&eacute;ature peut se d&eacute;placer d&rsquo;une distance &eacute;gale ou inf&eacute;rieure &agrave; sa vitesse de d&eacute;placement en traversant les cases occup&eacute;es par des cr&eacute;atures dont la cat&eacute;gorie de taille est inf&eacute;rieure &agrave; la sienne. La cr&eacute;ature n&rsquo;a pas besoin d&rsquo;effectuer un jet d&rsquo;attaque ; chaque cr&eacute;ature dont elle traverse la case subit des d&eacute;g&acirc;ts. Une cible pi&eacute;tin&eacute;e peut effectuer un jet de R&eacute;flexes contre le DD indiqu&eacute; pour ne subir que la moiti&eacute; des d&eacute;g&acirc;ts ; si elle effectue le jet de sauvegarde, elle ne peut pas faire d&rsquo;attaque d&rsquo;opportunit&eacute; provoqu&eacute;e par le d&eacute;placement de la cr&eacute;ature qui pi&eacute;tine. Une cr&eacute;ature ne peut infliger des d&eacute;g&acirc;ts de pi&eacute;tinement &agrave; une cible donn&eacute;e qu&rsquo;une seule fois par round.</p><p><em>Format  :</em><strong>Capacit&eacute;s offensives</strong> pi&eacute;tinement (3d4+14 C, DD 16).</p><p><em>Indications  :</em> le montant de d&eacute;g&acirc;ts du pi&eacute;tinement devrait &ecirc;tre identique au montant de d&eacute;g&acirc;ts au corps &agrave; corps standard qu&rsquo;inflige la cr&eacute;ature.</p>",
			"frSource": "XA1 p.156 – XA2 p.153"
		},
		"Troop Attack (Ex)": {
			"frName": "Attaque de cohorte (Ext)",
			"frDescription": "<p>Cette cr&eacute;ature ne porte pas des attaques au corps &agrave; corps standards. &Agrave; la place, elle inflige des d&eacute;g&acirc;ts automatiques &agrave; toute cr&eacute;ature &agrave; port&eacute;e d&rsquo;allonge ou dont elle occupe l&rsquo;espace &agrave; la fin de son tour de jeu, sans avoir besoin de faire un jet d&rsquo;attaque. Une cohorte menace toutes les cr&eacute;atures &agrave; port&eacute;e de son allonge ou situ&eacute;es dans la zone qu&rsquo;elle occupe, et elle r&eacute;sout les attaques d&rsquo;opportunit&eacute; en infligeant des d&eacute;g&acirc;ts de cohorte automatiques &agrave; tout ennemi &agrave; port&eacute;e d&rsquo;allonge qui provoque une attaque d&rsquo;opportunit&eacute;. Sauf indication contraire, une cohorte demeure limit&eacute;e &agrave; une attaque de ce type par round. Une cohorte peut entreprendre des manoeuvres offensives de lutte et de destruction, mais aucune autre manoeuvre, sauf indication contraire dans sa description.</p> <p><em>Format :</em> <strong>Corps &agrave; corps</strong> attaque de cohorte (1d4+10 P).</p> <p><em>Conseils :</em> Pour d&eacute;terminer la quantit&eacute; de d&eacute;g&acirc;ts qu&rsquo;une cohorte de FP 6 ou moins inflige avec son attaque de cohorte, utilisez la valeur de d&eacute;s correspondant au FP 6 dans les colonnes D&eacute;g&acirc;ts au corps &agrave; corps, Trois attaque sur la table de cat&eacute;gorie appropri&eacute;e (voir pages 129&ndash;132 des <em>X&eacute;no-archives</em>), en r&eacute;duisant les d&eacute;g&acirc;ts suppl&eacute;mentaires ajout&eacute;s &agrave; la valeur de d&eacute;s pour qu&rsquo;ils correspondent aux d&eacute;g&acirc;ts suppl&eacute;mentaires de son FP r&eacute;el et en ajoutant son modificateur de Force comme d&rsquo;habitude. Pour les cr&eacute;atures de tous les autres FP, utilisez les d&eacute;g&acirc;ts pr&eacute;cis&eacute;s &agrave; la ligne D&eacute;g&acirc;ts de corps &agrave; corps, Quatre attaques correspondant &agrave; leur FP dans la table de cat&eacute;gorie ad&eacute;quate.</p>",
			"frSource": "AE1 p.183"
		},
		"Troop Defenses (Ex)": {
			"frName": "Défenses de cohorte (Ext)",
			"frDescription": "<p>La fa&ccedil;on dont les cohortes g&egrave;rent les d&eacute;g&acirc;ts qu&rsquo;elles subissent d&eacute;pend de la nature de l&rsquo;attaque qui les cible.</p> <p>Une cohorte vis&eacute;e par une attaque qui affecte une cible unique (comme un tir d&rsquo;un pistolet semi-automatique) r&eacute;duit de moiti&eacute; les d&eacute;g&acirc;ts subis. Une cohorte est immunis&eacute;e contre les effets qui visent un nombre pr&eacute;cis de cr&eacute;atures (et notamment les sorts &agrave; cible unique et &agrave; cibles multiples comme <em>@Compendium[sfrpg.spells.PecEOjojT15BJKi9]{rapidit&eacute;}</em>).</p> <p>Une cohorte victime d&rsquo;un effet qui affecte toutes les cibles situ&eacute;es dans une zone d&rsquo;effet, comme les grenades, les armes &agrave; dispersion et &agrave; explosion, et de nombreux sorts d&rsquo;&eacute;vocation, augmente de moiti&eacute; (+50 %) les d&eacute;g&acirc;ts qu&rsquo;elle subit.</p> <p>Une cohorte subit les d&eacute;g&acirc;ts normaux des attaques ou des effets qui affectent plusieurs cibles (et notamment les modes d&rsquo;attaque en ligne et pleinement automatiques). En ce qui concerne la propri&eacute;t&eacute; sp&eacute;ciale arme automatique, une cohorte compte comme cinq cibles. Par exemple, si une attaque automatique utilise 12 munitions, l&rsquo;attaque affecte un maximum de six cibles, et elle peut donc infliger des d&eacute;g&acirc;ts normaux &agrave; une cohorte. Cela dit, si deux autres cibles sont plus proches de l&rsquo;attaquant que la cohorte, il doit les attaquer en premier, ce qui ne laisse que quatre attaques pour viser la cohorte, qui ne subira donc aucun d&eacute;g&acirc;t.</p> <p><em>Format :</em> <strong>Capacit&eacute;s d&eacute;fensives</strong> d&eacute;fenses de cohorte.</p>",
			"frSource": "AE1 p.183"
		},
		"Troop Immunities (Ex)": {
			"frName": "Immunités de cohorte (Ext)",
			"frDescription": "<p>Les cohortes sont immunis&eacute;es contre les effets suivants, &agrave; moins que l&rsquo;effet en question ne pr&eacute;cise qu&rsquo;il fonctionne contre les nu&eacute;es ou les cohortes.</p> <ul> <li>@Compendium[sfrpg.conditions.XgK4EdO5D3Fj3iWz]{Immobilis&eacute;}, @Compendium[sfrpg.conditions.XeRGqHVtcZ7vsgJ0]{&agrave; terre}, @Compendium[sfrpg.conditions.aAQ6SW6iK0EVq8Ce]{chancelant}, et @Compendium[sfrpg.conditions.CvsDp0GvojxiF2jz]{&eacute;tourdi}.</li> <li>Manoeuvres offensives &mdash; une cohorte ne peut pas &ecirc;tre la cible d&rsquo;une manoeuvre offensive, &agrave; moins d&rsquo;&ecirc;tre affect&eacute;e par un effet de zone qui int&egrave;gre ce genre d&rsquo;effet ou que la description de la cohorte ne pr&eacute;cise le contraire.</li> <li>Prise en tenaille &mdash; les cohortes ne peuvent pas &ecirc;tre prises en tenaille.</li> <li>Agonisant &mdash; une cohorte r&eacute;duite &agrave; 0 PV se disloque et est effectivement d&eacute;truite, m&ecirc;me si certains de ces membres peuvent survivre.</li> </ul> <p><em>Format :</em> <strong>Immunit&eacute;s</strong> immunit&eacute;s de cohorte.</p>",
			"frSource": "AE1 p.183"
		},
		"Truespeach (Su)": {
			"frName": "Langage universel (Sur)",
			"frDescription": "<p>La cr&eacute;ature peut parler avec n&rsquo;importe quelles cr&eacute;atures qui ma&icirc;trisent au moins une langue. Ce pouvoir est toujours actif.</p><p><em>Format  :</em><strong>Langues</strong> langage universel.</p>",
			"frSource": "XA1 p.156 – XA2 p.152"
		},
		"Undead Immunities (Ex)": {
			"frName": "Immunités des Morts-Vivants (Ext)",
			"frDescription": "<p>Les morts-vivants sont immunis&eacute;s contre les effets suivants, &agrave; moins que la description d&rsquo;un effet ne pr&eacute;cise son fonctionnement sp&eacute;cifique contre ce type de cr&eacute;atures.</p><ul><li>@Compendium[sfrpg.conditions.v9RNVTqyTyaPchvd]{Les saignements et les h&eacute;morragies}, les effets de @Compendium[sfrpg.rules.PqV3OCbUTyk2upPD]{mort}, @Compendium[sfrpg.rules.GnEF27Oot3zqTaBQ]{les maladies}, @Compendium[sfrpg.rules.PqV3OCbUTyk2upPD]{les effets mentaux}, @Compendium[sfrpg.conditions.NV4qXRDgb7zTNkW2]{la paralysie}, @Compendium[sfrpg.rules.aKqRtg165rAly1Cc]{le poison}, @Compendium[sfrpg.conditions.3iTdt2NRgIyrychR]{le sommeil} et @Compendium[sfrpg.conditions.CvsDp0GvojxiF2jz]{l&rsquo;&eacute;tourdissement}.</li><li>Les affaiblissements temporaires et les diminutions permanentes de caract&eacute;ristiques, l&rsquo;absorption d&rsquo;&eacute;nergie, @Compendium[sfrpg.conditions.33ynSbmexuxC3cAQ]{l&rsquo;&eacute;puisement}, @Compendium[sfrpg.conditions.JGFn4MrDZ6X5vrzU]{la fatigue}, les niveaux n&eacute;gatifs et les d&eacute;g&acirc;ts non l&eacute;taux.</li><li>Les effets qui n&eacute;cessitent un jet de Vigueur (&agrave; moins que l&rsquo;effet ne soit inoffensif ou fonctionne contre les objets).</li></ul><p><em>Format  :</em><strong>Immunit&eacute;s</strong> immunit&eacute;s des morts-vivants.</p>",
			"frSource": "XA1 p.155 – XA2 p.152"
		},
		"Unflankable (Ex)": {
			"frName": "Impossible à prendre en tenaille (Ext)",
			"frDescription": "<p>Prendre en tenaille la cr&eacute;ature ne conf&egrave;re aucun bonus et les pouvoirs qui fonctionnent uniquement contre une cr&eacute;ature prise en tenaille ne fonctionnent pas contre elle.</p><p><em>Format  :</em><strong>Capacit&eacute;s d&eacute;fensives</strong> impossible &agrave; prendre en tenaille.</p>",
			"frSource": "XA1 p.156 – XA2 p.152"
		},
		"Unliving (Ex)": {
			"frName": "Non-Vivant (Ext)",
			"frDescription": "<p>La cr&eacute;ature n&rsquo;a pas de valeur ou de modificateur de Constitution. Pour tous les DD ou autres statistiques bas&eacute;s sur la valeur de Constitution, on consid&egrave;re que la cr&eacute;ature a une valeur de 10 (+0). La cr&eacute;ature est imm&eacute;diatement d&eacute;truite s&rsquo;il lui reste 0 point de vie. Une cr&eacute;ature non vivante ne r&eacute;cup&egrave;re aucun point de vie naturellement mais une cr&eacute;ature artificielle peut &ecirc;tre r&eacute;par&eacute;e avec les outils ad&eacute;quats. Des sorts tels que <em>@Compendium[sfrpg.spells.fiFr41dYjlAxJlwn]{r&eacute;paration int&eacute;grale}</em> peuvent soigner les cr&eacute;atures artificielles et certains effets magiques peuvent soigner les morts-vivants. Une cr&eacute;ature non vivante dot&eacute;e de la gu&eacute;rison acc&eacute;l&eacute;r&eacute;e (voir page 155) b&eacute;n&eacute;ficie toujours de ce pouvoir. Les cr&eacute;atures non vivantes ne respirent pas, ne mangent pas et ne @Compendium[sfrpg.conditions.3iTdt2NRgIyrychR]{dorment} pas. Elles ne peuvent pas &ecirc;tre ramen&eacute;es &agrave; la vie ni ressuscit&eacute;es, sauf par le biais d&rsquo;un <em>miracle</em>, d&rsquo;un <em>souhait</em> ou d&rsquo;un effet similaire dont la description pr&eacute;cise qu&rsquo;il fonctionne sur les cr&eacute;atures non vivantes.</p><p><em>Format  :</em><strong>Autres capacit&eacute;s</strong> non-vivant.</p>",
			"frSource": "XA1 p.156 – XA2 p.152"
		},
		"Void Adaptation (Ex or Su)": {
			"frName": "Adaptation au vide (Ext ou Sur)",
			"frDescription": "<p>De nombreuses cr&eacute;atures sont insensibles aux effets du vide de l&rsquo;espace. Une cr&eacute;ature dot&eacute;e d&rsquo;adaptation au vide poss&egrave;de les pouvoirs suivants.</p> <ul> <li>Immunit&eacute; aux rayons cosmiques.</li> <li>Immunit&eacute; aux effets environnementaux du vide.</li> <li>Ne respire pas (voir page 152).</li> </ul> <p><em>Format : </em> <strong>Capacit&eacute;s d&eacute;fensives</strong> adaptation au vide.</p> <p>&nbsp;</p>",
			"frSource": "XA2 p.148"
		},
		"Vortex (Ex or Su)": {
			"frName": "Vortex (Ext ou Sur)",
			"frDescription": "<p>Le pouvoir de vortex fonctionne comme celui de <em>@Compendium[sfrpg.universal-creature-rules.PBm18GJedcid0XpT]{tourbillon}</em> (voir plus loin), sauf que la cr&eacute;ature obtient une vitesse de d&eacute;placement &agrave; la nage au lieu d&rsquo;une vitesse de d&eacute;placement en vol, que le vortex ne peut se former que dans un liquide (dans l&rsquo;eau, par exemple), qu&rsquo;il ne peut pas quitter le milieu liquide et qu&rsquo;il bloque toujours toutes les formes de vision lorsque l&rsquo;on tente de regarder &agrave; l&rsquo;int&eacute;rieur et toutes les lignes de vue qui le traversent. De plus, les cr&eacute;atures emport&eacute;es doivent avoir une vitesse de d&eacute;placement &agrave; la nage pour pouvoir effectuer un jet de R&eacute;flexes afin de se d&eacute;gager.</p>\n<p><em>Format  :</em><strong> Capacit&eacute;s offensives</strong> vortex (4d6+8 C, DD 15, 1/jour).</p>",
			"frSource": "XA1 p.159 - XA2 p.155"
		},
		"Vulnerability (Ex or Su)": {
			"frName": "Vulnérabilité (Ext ou Sur)",
			"frDescription": "<p>La cr&eacute;ature subit 50 % de d&eacute;g&acirc;ts suppl&eacute;mentaires lorsqu&rsquo;elle subit des d&eacute;g&acirc;ts d&rsquo;un type particulier. Les cr&eacute;atures affubl&eacute;es d&rsquo;une vuln&eacute;rabilit&eacute; &agrave; un effet qui n&rsquo;inflige pas de d&eacute;g&acirc;ts subit &agrave; la place un malus de -4 aux jets de sauvegarde contre les sorts et les effets qui provoquent la vuln&eacute;rabilit&eacute; indiqu&eacute;e ou interagissent avec (les enchantements, par exemple). Certaines cr&eacute;atures peuvent subir des effets suppl&eacute;mentaires, comme indiqu&eacute; dans leur profil.</p><p><em>Format  :</em><strong>Faiblesses</strong> vuln&eacute;rabilit&eacute; au feu.</p>",
			"frSource": "XA1 p.159 - XA2 p.155"
		},
		"Water Breathing (Ex)": {
			"frName": "Respiration aquatique (Ext)",
			"frDescription": "<p>La cr&eacute;ature peut respirer dans l&rsquo;eau. Elle ne peut pas respirer de l&rsquo;air &agrave; moins qu&rsquo;elle b&eacute;n&eacute;ficie &eacute;galement du pouvoir sp&eacute;cial amphibie (voir page 152).</p><p><em>Format  :</em><strong>Autres capacit&eacute;s</strong> respiration aquatique.</p>",
			"frSource": "XA1 p.157 - XA2 p.154"
		},
		"Whirlwind (Ex or Su)": {
			"frName": "Tourbillon (Ext ou Sur)",
			"frDescription": "<p>La cr&eacute;ature peut prendre la forme d&rsquo;un tourbillon. Sauf indication contraire, elle peut conserver cette apparence pendant un nombre de rounds &eacute;gal &agrave; la moiti&eacute; de son FP. Si elle poss&egrave;de une vitesse de d&eacute;placement en vol, elle peut continuer &agrave; voler &agrave; cette vitesse m&ecirc;me sous la forme d&rsquo;un tourbillon. Si ce n&rsquo;est pas le cas, elle gagne une vitesse de d&eacute;placement en vol extraordinaire (avec une manoeuvrabilit&eacute; moyenne) &eacute;gale &agrave; sa vitesse de d&eacute;placement de base. Une cr&eacute;ature sous forme de tourbillon peut entrer dans les cases occup&eacute;es par d&rsquo;autres cr&eacute;atures et les traverser sans contrainte. Le cas &eacute;ch&eacute;ant, elle ne provoque pas d&rsquo;attaques d&rsquo;opportunit&eacute;s &agrave; cause de ce d&eacute;placement.</p><p>La base d&rsquo;une cr&eacute;ature sous forme de tourbillon occupe un espace de 1,50 m&egrave;tre de c&ocirc;t&eacute;, sa largeur au sommet fait deux fois celle de sa base et sa hauteur est &eacute;gale &agrave; quatre fois la largeur de sa base ; ceci ne change pas la cat&eacute;gorie de taille de la cr&eacute;ature. Si une cr&eacute;ature est de taille G ou plus grande, elle peut modifier par une action rapide ou de mouvement la taille de son tourbillon pour que sa base soit au maximum &eacute;gale &agrave; la taille de l&rsquo;espace qu&rsquo;elle occupe sous sa forme normale. Une cr&eacute;ature sous forme de tourbillon ne menace par les cases autour d&rsquo;elle et ne peut pas effectuer ses attaques normales.</p>\n<p>Si une cr&eacute;ature sous forme de tourbillon p&eacute;n&egrave;tre dans une case occup&eacute;e par une autre cr&eacute;ature, celle-ci doit r&eacute;ussir un jet de Vigueur contre le DD indiqu&eacute; pour ne pas subir les d&eacute;g&acirc;ts indiqu&eacute;s du tourbillon. Si le tourbillon couvre la totalit&eacute; de l&rsquo;espace occup&eacute; par la cr&eacute;ature, celle-ci doit r&eacute;ussir un jet de R&eacute;flexes pour ne pas &ecirc;tre soulev&eacute;e par le tourbillon et emport&eacute;e avec lui. Une cr&eacute;ature emport&eacute;e est @Compendium[sfrpg.conditions.MZ8OoH1GE9qDMyCD]{prise au d&eacute;pourvu}, @Compendium[sfrpg.conditions.4AkWDHGM6gHDepHN]{agripp&eacute;e} et impr&eacute;cise. De plus, elle subit automatiquement les d&eacute;g&acirc;ts du tourbillon au d&eacute;but de son tour. Si la cr&eacute;ature emport&eacute;e peut voler, elle peut effectuer un jet de R&eacute;flexes par une action de mouvement et se d&eacute;gager en cas de r&eacute;ussite. Si une cr&eacute;ature emport&eacute;e ne se d&eacute;gage pas, elle peut effectuer un jet de Vigueur ; si elle le r&eacute;ussit, elle peut effectuer les actions qu&rsquo;il lui reste pour son tour (autre que le d&eacute;placement). En cas de jet de sauvegarde rat&eacute;, la cr&eacute;ature emport&eacute;e ne peut pas agir jusqu&rsquo;&agrave; son prochain tour ou jusqu&rsquo;&agrave; ce que le tourbillon la rel&acirc;che.</p>\n<p>Une cr&eacute;ature sous forme de tourbillon peut soulever et emporter jusqu&rsquo;&agrave; deux cr&eacute;atures de sa taille et le nombre total qu&rsquo;elle peut emporter double pour chaque cat&eacute;gorie de taille des cr&eacute;atures affect&eacute;es en dessous de celle du tourbillon. La cr&eacute;ature sous forme de tourbillon peut &eacute;jecter une cr&eacute;ature emport&eacute;e n&rsquo;importe quand lors de son tour, en la rel&acirc;chant dans une case de son choix adjacente &agrave; sa position au moment de l&rsquo;&eacute;jection. &Agrave; l&rsquo;appr&eacute;ciation du MJ, si le tourbillon est en contact avec de la terre, de l&rsquo;eau ou une autre mati&egrave;re que le tourbillon peut ais&eacute;ment soulever, celui-ci bloque toutes les formes de vision (y compris la vision dans le noir) lorsque l&rsquo;on tente de regarder &agrave; l&rsquo;int&eacute;rieur et toutes les lignes de vue qui le traversent.</p><p><em>Format  :</em><strong>Capacit&eacute;s offensives</strong> tourbillon (4d6+8 C, DD 15, 1/jour).</p><p><em>Indications  :</em> ce pouvoir peut g&eacute;n&eacute;ralement s&rsquo;utiliser une fois par jour, en ajoutant une utilisation quotidienne suppl&eacute;mentaire tous les 5 FP de la cr&eacute;ature. Le montant de d&eacute;g&acirc;ts que le tourbillon inflige devrait &ecirc;tre identique aux d&eacute;g&acirc;ts que la cr&eacute;ature inflige au corps &agrave; corps sous sa forme normale. Les tourbillons infligent normalement des d&eacute;g&acirc;ts contondants.</p>",
			"frSource": "XA1 p.158 - XA2 p.154"
		}
	}
}