{
	"label": "Archétypes",
	"mapping": {
		"frName": "name",
		"frDescription": "data.description.value",
		"frShortDescription": "data.description.short",
		"frSource": "data.source"
	},
	"entries": {
		"Instinctive Metaphysicist": {
			"frName": "Métaphysicien instinctif",
			"frDescription": "<p>Un m&eacute;taphysicien instinctif est une cr&eacute;ature qui a &eacute;t&eacute; expos&eacute;e, consciemment ou inconsciemment, aux effets d&rsquo;une ou de plusieurs psychosph&egrave;res au cours de sa vie. &Agrave; la diff&eacute;rence des v&eacute;ritables psychiques (comme les adeptes phr&eacute;niques ou les guerriers psychiques), un m&eacute;taphysicien instinctif ne poss&egrave;de pas n&eacute;cessairement de potentiel psychique inn&eacute;, mais d&eacute;veloppera ses pouvoirs &agrave; force d&rsquo;exposition &agrave; des sources d&rsquo;&eacute;nergie psychique. Un m&eacute;taphysicien instinctif peut ainsi &ecirc;tre une cr&eacute;ature de n&rsquo;importe quelle origine ou classe qui vient d&rsquo;apprendre &agrave; canaliser son &eacute;nergie mentale afin de fa&ccedil;onner des psychosph&egrave;res selon ses envies.</p> <h1>Aptitudes de classe alternatives</h1> <p>L&rsquo;arch&eacute;type du m&eacute;taphysicien instinctif conf&egrave;re des aptitudes de classe alternatives aux niveaux 9, 12 et 18.</p> <h2>Refuge physique (Sur) - Niveau 9</h2> <p>Votre connexion avec une ou plusieurs psychosph&egrave;res vous permet de condenser vos p&eacute;riodes de repos dans ces psychosph&egrave;res. &Agrave; chaque fois que vous vous reposez pour regagner des points de pers&eacute;v&eacute;rance, vous n&rsquo;avez besoin que de 4 h de repos au lieu de 8. Lors de ce temps de repos r&eacute;duit, vous pouvez faire un jet de sauvegarde contre un unique effet mental qui vous affecte. Cela dit, vous n&rsquo;&ecirc;tes pas capable de percevoir le monde ext&eacute;rieur pendant toute cette dur&eacute;e, sauf si vous subissez des d&eacute;g&acirc;ts ou qu&rsquo;une cr&eacute;ature tente de vous r&eacute;veiller. Si vous subissez des d&eacute;g&acirc;ts ou &ecirc;tes tir&eacute; de force de votre repos, vous vous trouvez alors dans l&rsquo;&eacute;tat chancelant pendant 1d4 rounds.</p> <h2>Estomper les limites (Mag) - Niveau 12</h2> <p>&Agrave; force de discipline ou de tests plus ou moins heureux, vous avez appris &agrave; manifester des effets de la psychosph&egrave;re dans le monde r&eacute;el. Ces effets sont temporaires et parfois d&eacute;pourvus de substances et ils sont seulement aliment&eacute;s par votre r&eacute;serve d&rsquo;&eacute;nergie mentale. Une fois par jour, vous pouvez lancer l&rsquo;un des sorts suivants comme s&rsquo;il s&rsquo;agissait d&rsquo;un pouvoir magique, et projeter un effet de la psychosph&egrave;re dans le monde r&eacute;el : <em>@Compendium[sfrpg.spells.iGe736J1Ri2KsAuH]{cr&eacute;ation}</em> (niveau 4) ou <em>@Compendium[sfrpg.spells.kDFNOMx78KU1GGol]{image holographique}</em> (niveau 4). Au niveau 15, vous pouvez augmenter le niveau de ces sorts &agrave; 5 et vous ajoutez <em>@Compendium[sfrpg.spells.Lmm0u6noSlQYekSe]{terrain holographique}</em> &agrave; votre liste de sorts. Vous pouvez utiliser ce pouvoir deux fois par jour quand vous atteignez le niveau 17 et trois fois par jour &agrave; partir du niveau 18. Le DD de sauvegarde de ces sorts est &eacute;gal &agrave; 10 + le niveau du sort + le modificateur de votre valeur de caract&eacute;ristique essentielle.</p> <h2>Duel de Psychosph&egrave;re (Sur) - Niveau 18</h2> <p>Vous avez appris &agrave; utiliser votre connaissance des autres psychosph&egrave;res pour g&eacute;n&eacute;rer la v&ocirc;tre : une psychosph&egrave;re binaire dans laquelle vous pouvez affronter l&rsquo;esprit de vos adversaires. Une fois par jour, par une action complexe, vous pouvez d&eacute;signer une cr&eacute;ature qui se trouve dans un rayon de 18 m que vous d&eacute;fiez en duel psychique. Cette cr&eacute;ature doit alors faire un jet de Volont&eacute; (DD = 10 + la moiti&eacute; de votre niveau + votre modificateur de valeur de caract&eacute;ristique essentielle) ; sur un &eacute;chec, elle se trouve projet&eacute;e dans une psychosph&egrave;re binaire avec vous. Cette psychosph&egrave;re se pr&eacute;sente sous la forme d&rsquo;une plaine, d&rsquo;un rayon &eacute;gal &agrave; votre niveau x 3 m. Votre avatar mental et celui de votre cible apparaissent dans cette psychosph&egrave;re &agrave; la m&ecirc;me distance que celle qui vous s&eacute;pare dans le monde r&eacute;el. Une fois le duel commenc&eacute;, les avatars peuvent se d&eacute;placer dans la direction de leur choix, sans avoir &agrave; tenir compte de l&rsquo;emplacement et de la distance s&eacute;parant leurs contreparties r&eacute;elles.</p> <p>Votre avatar mental agit imm&eacute;diatement apr&egrave;s vous dans le d&eacute;compte d&rsquo;initiative et il poss&egrave;de les m&ecirc;mes statistiques que vous. L&rsquo;avatar de votre adversaire est soumis &agrave; un fonctionnement identique. Les deux avatars sont sujets aux traits de la psychosph&egrave;re, que vous d&eacute;finissez au moment de sa cr&eacute;ation. Tous les d&eacute;g&acirc;ts ou effets mentaux subis par un avatar sont partag&eacute;s par sa contrepartie r&eacute;elle (y compris la mort). Votre moi physique doit d&eacute;penser une action de mouvement &agrave; chaque round pour entretenir le duel de psychosph&egrave;re. Vous pouvez maintenir celui-ci pour un nombre de rounds maximum &eacute;gal &agrave; la moiti&eacute; de votre niveau + votre modificateur de valeur de caract&eacute;ristique essentielle. Si la cible physique de ce pouvoir s&rsquo;&eacute;loigne de plus de 180 m de vous dans le monde r&eacute;el, la psychosph&egrave;re se d&eacute;sagr&egrave;ge imm&eacute;diatement. La cr&eacute;ature r&eacute;elle cibl&eacute;e par ce pouvoir peut &eacute;galement utiliser une action complexe pour mettre fin imm&eacute;diatement &agrave; l&rsquo;effet par un nouveau jet de Volont&eacute;.</p> <p>Les cr&eacute;atures d&eacute;nu&eacute;es d&rsquo;intelligence ou immunis&eacute;es aux effets mentaux ne peuvent pas &ecirc;tre cibl&eacute;es par ce pouvoir. Ce pouvoir est consid&eacute;r&eacute; comme un effet mental.</p>",
			"frSource": "AE2 p.148"
		},
		"Skyfire Centurion": {
			"frName": "Centurion du feu céleste",
			"frDescription": "<p>Suite au Pacte d&rsquo;Absalom, les c&eacute;l&egrave;bres chevaucheurs de dragons de la L&eacute;gion des dragons de Triaxus se sont lanc&eacute;s &agrave; l&rsquo;assaut des &eacute;toiles et ils sont maintenant connus sous le nom de la L&eacute;gion du feu c&eacute;- leste, une troupe de mercenaires d&rsquo;&eacute;lite au strict code &eacute;thique qui vend ses services de protection aux colons et corporations qui op&egrave;rent au-del&agrave; des limites des Mondes du Pacte, l&agrave; o&ugrave; les Intendants ne peuvent pas intervenir. Les l&eacute;gionnaires du feu c&eacute;leste partagent g&eacute;n&eacute;ralement un lien quasi t&eacute;l&eacute;pathique avec leur copilote draconien, mais les centurions du feu c&eacute;leste ont pouss&eacute; cette aptitude encore plus loin et collaborent si efficacement avec leurs alli&eacute;s que cela donne l&rsquo;impression que tous les membres de leur groupe sont anim&eacute;s d&rsquo;une unique volont&eacute;.</p> <p>La L&eacute;gion du feu c&eacute;leste poss&egrave;de plusieurs centres d&rsquo;entra&icirc;nement dans les Mondes du Pacte, o&ugrave; les centurions et autres l&eacute;gionnaires peuvent affiner leurs comp&eacute;tences. Chaque l&eacute;gionnaire s&rsquo;entra&icirc;ne avec son partenaire. Les centurions sont soumis &agrave; un entra&icirc;nement encore plus strict et intense pour leur permettre de d&eacute;velopper un mental aiguis&eacute; et un physique optimal.</p> <p>Tous les membres de la L&eacute;gion du feu c&eacute;leste ne sont pas des centurions et tous les centurions ne poss&egrave;dent pas d&rsquo;alli&eacute;s draconiens, et ils peuvent utiliser les m&ecirc;mes techniques de travail en &eacute;quipe avec n&rsquo;importe quelle cr&eacute;ature intelligente, m&ecirc;me m&eacute;canique. Des personnages issus de toutes les classes peuvent devenir des centurions talentueux, mais il manque &agrave; la plupart des mystiques et des solariens les comp&eacute;tences de pilotage qui leur permettront d&rsquo;exploiter le plein potentiel des pouvoirs des centurions. Les nombreux dons de combat des soldats en font d&rsquo;excellents centurions et les m&eacute;canos qui choisissent leur drone comme partenaire li&eacute; peuvent les personnaliser pour fonctionner en totale harmonie.</p> <p>&nbsp;</p> <h1>Aptitudes de classe alternative</h1> <p>L&rsquo;arch&eacute;type centurion du feu c&eacute;leste conf&egrave;re des aptitudes de classe alternatives aux niveaux 4, 6, 9 et 12.</p> <h2>Lien martial (Ext) - Niveau 4</h2> <p>Vous pouvez vous entra&icirc;ner avec un alli&eacute; qui poss&egrave;de une Intelligence minimum de 1 et former avec lui un lien martial. Cet entra&icirc;nement dure 1 heure et vous ne pouvez &ecirc;tre li&eacute; qu&rsquo;&agrave; un partenaire &agrave; la fois. Si vous cr&eacute;ez un nouveau lien martial avec une cr&eacute;ature, votre pr&eacute;c&eacute;dent lien marital est dissous. Aucune cr&eacute;ature ne peut &ecirc;tre ainsi li&eacute;e avec deux centurions.</p> <p>Au niveau 10, par une action simple, vous pouvez d&eacute;penser 1 Point de pers&eacute;v&eacute;rance pour former un lien martial avec un alli&eacute; qui peut vous voir ou vous entendre.</p> <p>&Agrave; chaque fois que vous gagnez un bonus gr&acirc;ce &agrave; tir de couverture ou de diversion de votre partenaire (ou vice versa), ce bonus devient +4. Si vous &ecirc;tes le capitaine d&rsquo;un vaisseau et utilisez avec succ&egrave;s l&rsquo;action encouragement sur votre partenaire (ou vice versa), ce bonus devient +4.</p> <h2>Partage d&rsquo;expertise (Ext) - Niveau 6</h2> <p>Il vous suffit de quelques mots pour faire b&eacute;n&eacute;ficier le partenaire auquel vous &ecirc;tes li&eacute; de votre entra&icirc;nement. Par une action de mouvement, vous pouvez faire b&eacute;n&eacute;ficier &agrave; votre partenaire d&rsquo;un unique don de combat que vous poss&eacute;dez pour une dur&eacute;e 10 rounds, dans la mesure o&ugrave; votre partenaire peut vous voir ou vous entendre. Afin de pouvoir profiter de ce don, votre partenaire doit quand m&ecirc;me remplir les conditions li&eacute;es &agrave; son utilisation. Par un exemple, le drone d&rsquo;un m&eacute;cano peut seulement b&eacute;n&eacute;ficier des dons qu&rsquo;un drone peut normalement gagner. Si vous avez utilis&eacute; ce pouvoir sur votre partenaire et d&eacute;cidez de le cibler une seconde fois pour lui faire profiter d&rsquo;un nouveau don, il perd le b&eacute;n&eacute;fice du premier don.</p> <h2>Tir concentr&eacute; (Ext) - Niveau 9</h2> <p>Quand vous et le partenaire &agrave; qui vous &ecirc;tes li&eacute; pr&eacute;parez tous deux une action pour attaquer la m&ecirc;me cible et que vous avez choisi les m&ecirc;mes conditions de d&eacute;clenchement, au moment o&ugrave; vous et votre partenaire attaquez, lancez vos jets d&rsquo;attaque et utilisez le r&eacute;sultat le plus &eacute;lev&eacute; des deux (chaque attaquant applique alors ses propres modificateurs au r&eacute;sultat). Si vous et votre partenaire touchez tous les deux votre cible, faites la somme des d&eacute;g&acirc;ts inflig&eacute;s par les deux attaques avant de lui appliquer la RD ou les r&eacute;sistances aux &eacute;nergies de la cible.</p> <p>Lors d&rsquo;un combat entre vaisseaux, quand vous et votre alli&eacute; attaquez tous deux le m&ecirc;me adversaire au cours d&rsquo;un m&ecirc;me round avec une arme &agrave; tir direct, lancez vos jets d&rsquo;attaque et utilisez le r&eacute;sultat le plus &eacute;lev&eacute; des deux (chaque attaquant applique alors ses propres modificateurs au r&eacute;sultat). Si vous et votre partenaire touchez tous les deux votre cible, faites la somme des d&eacute;g&acirc;ts inflig&eacute;s par les deux attaques avant de les comparer au Seuil de d&eacute;g&acirc;ts de la cible.</p> <h2>Pers&eacute;v&eacute;rance (Ext) - Niveau 12</h2> <p>Par une action de mouvement, vous pouvez accomplir la t&acirc;che premiers soins de la comp&eacute;tence M&eacute;decine sur le partenaire auquel vous &ecirc;tes li&eacute;s.</p> <p>En outre, quand vous &ecirc;tes sur une case adjacente &agrave; votre partenaire et que celui-ci est stabilis&eacute; mais pas encore conscient, vous pouvez, par une action complexe, d&eacute;penser 1 Point de pers&eacute;v&eacute;rance pour lui rendre 1 point de vie. Au cours de son tour suivant, votre partenaire pourra faire des actions normalement, mais vous vous trouvez dans l&rsquo;&eacute;tat chancelant jusqu&rsquo;&agrave; la fin de votre prochain tour. Vous ne pouvez utiliser ce pouvoir que si votre partenaire poss&egrave;de moins du quart de son maximum de Points de pers&eacute;v&eacute;rance. Vous pouvez utiliser ce pouvoir si votre partenaire ne poss&egrave;de normalement pas de Point de pers&eacute;v&eacute;- rance. Vous ne pouvez pas utiliser ce pouvoir sur le m&ecirc;me partenaire tant que vous n&rsquo;avez pas regagn&eacute; vos Points de pers&eacute;v&eacute;rance &agrave; l&rsquo;issue d&rsquo;un repos de 8 heures ou son &eacute;quivalent. Si vous utilisez votre pouvoir lien martial pour changer de partenaire, vous pouvez cependant utiliser ce pouvoir sur votre nouveau partenaire, dans la mesure o&ugrave; il vous reste des Points de pers&eacute;v&eacute;rance.</p>",
			"frSource": "MDP p.183"
		},
		"Divine Champion": {
			"frName": "Champion divin",
			"frDescription": "<p>La majorit&eacute; des habitants des Mondes du Pacte v&eacute;n&egrave;rent une divinit&eacute;, mais ils ne sont pas nombreux &agrave; &ecirc;tre aussi proches de leurs dieux que les champions divins. Un champion divin est un crois&eacute;, ou en tout cas un fervent d&eacute;fenseur de sa foi, et, &agrave; force d&rsquo;&eacute;tudes et de pri&egrave;res, il finit par devenir un r&eacute;ceptacle vivant de la puissance de sa divinit&eacute;. Cependant, les dieux sont insondables et myst&eacute;rieux et ils accordent parfois des pouvoirs &agrave; des mortels qui ne comprennent pas pourquoi ils ont &eacute;t&eacute; choisis.</p> <p>On trouve des champions divins dans toutes les classes, mais les dieux ont cependant leurs classes de pr&eacute;dilections. Par exemple, de nombreux champions divins d&rsquo;Hylax sont des &eacute;missaires, alors que Iom&eacute;dae pr&eacute;f&egrave;re les soldats et Lao Shu Po les agents.</p> <h1>Aptitudes de classe alternatives</h1> <p>L&rsquo;arch&eacute;type champion divin conf&egrave;re des aptitudes de classe alternatives aux niveaux 2, 4, 6, 12 et 18.</p> <h2>&Eacute;veil divin (Sur) - Niveau 2</h2> <p>Choisissez une divinit&eacute; dont l&rsquo;alignement se trouve dans &agrave; une cat&eacute;gorie du v&ocirc;tre (voir la page 25 du <em>Livre de r&egrave;gles Starfinder</em>). Si d&rsquo;autres pouvoirs vous demandent de choisir une divinit&eacute; (comme c&rsquo;est le cas avec le th&egrave;me pr&ecirc;tre), vous devez choisir la m&ecirc;me divinit&eacute;.</p> <p>Vous &ecirc;tes sous protection divine et gagnez un bonus d&rsquo;alt&eacute;ration de +1 aux jets de sauvegarde pour lesquels vous b&eacute;n&eacute;ficiez du plus faible bonus. Si deux ou trois de vos bonus de base aux jets de sauvegarde sont &eacute;gaux, vous choisissez lequel b&eacute;n&eacute;ficiera de ce bonus. Ce pouvoir fonctionne comme un <em>anneau de r&eacute;sistance</em>, mais il ne se cumule pas avec le bonus apport&eacute; par ce dernier et son effet ne peut pas &ecirc;tre dissip&eacute;. &Agrave; partir du niveau 6 et tous les 4 niveaux suivants, le bonus augmente de 1.</p> <h2>Jugement divin (Sur) - Niveau 4</h2> <p>Choisissez le chaos, le mal, le bien ou la loi ; votre choix doit correspondre &agrave; une portion de votre alignement ou de celui de votre divinit&eacute; (ou les deux, si possible). Si vous et votre divinit&eacute; &ecirc;tes d&rsquo;alignement neutre, vous pouvez choisir n&rsquo;importe lequel des quatre alignements.</p> <p>Par une action de mouvement, vous pouvez d&eacute;penser 1 Point de pers&eacute;v&eacute;rance pour d&eacute;clarer qu&rsquo;une cr&eacute;ature que vous pouvez voir est une ennemie de votre foi. Jusqu&rsquo;&agrave; ce que cette cible soit morte ou apr&egrave;s votre prochain repos de 8 heures, toutes vos attaques d&rsquo;arme ignorent la RD et les r&eacute;sistances aux &eacute;nergies de cette cible, comme si vos armes poss&eacute;daient la fusion correspondant &agrave; l&rsquo;alignement que vous avez choisi (m&ecirc;me si la cible n&rsquo;est pas un dragon ou un ext&eacute;rieur) : <em>anarchique</em> (chaos), <em>axiomatique</em> (loi), <em>sanctifi&eacute;e</em> (bien), ou <em>impie</em> (mal).</p> <h2>Puissance divine mineure (Mag) - Niveau 6</h2> <p>Choisissez une connexion (comme l&rsquo;aptitude de classe du mystique) qui correspond aux valeurs de votre divinit&eacute; (&agrave; la discr&eacute;tion du MJ). Votre lien avec votre divinit&eacute; est devenu assez fort pour que vous puissiez reproduire les effets de certains sorts de connexion, mais vous ne gagnez pas pour autant des pouvoirs de connexion.</p> <p>Une fois par jour, vous pouvez lancer les sorts de niveau 1 ou 2 de la connexion que vous avez choisie comme s&rsquo;il s&rsquo;agissait de pouvoirs magiques. Vous pouvez utiliser ce pouvoir deux fois par jour quand vous atteignez le niveau 10 et trois fois par jour &agrave; partir du niveau 14. Le DD de sauvegarde de ces sorts est &eacute;gal &agrave; 10 + le niveau du sort + le modificateur de votre valeur de caract&eacute;ristique essentielle.</p> <h2>Puissance divine (Mag) - Niveau 12</h2> <p>Votre connexion divine continue de se renforcer et vous permet de manier une magie plus puissante. Une fois par jour, vous pouvez lancer les sorts de niveau 3 ou 4 de la connexion que vous avez choisie comme s&rsquo;il s&rsquo;agissait de pouvoirs magiques. Vous pouvez utiliser ce pouvoir deux fois par jour quand vous atteignez le niveau 16 et trois fois par jour &agrave; partir du niveau 20. Le DD de sauvegarde de ces sorts est &eacute;gal &agrave; 10 + le niveau du sort + le modificateur de votre valeur de caract&eacute;ristique essentielle.</p> <h2>Puissance divine sup&eacute;rieure (Mag) - Niveau 18</h2> <p>Votre connexion divine est d&rsquo;une puissance incroyable. Une fois par jour, vous pouvez lancer les sorts de niveau 5 ou 6 de la connexion que vous avez choisie comme s&rsquo;il s&rsquo;agissait de pouvoirs magiques. Le DD de sauvegarde de ces sorts est &eacute;gal &agrave; 10 + le niveau du sort + le modificateur de votre valeur de caract&eacute;ristique essentielle.</p>",
			"frSource": "MDP p.184"
		},
		"Star Knight": {
			"frName": "Chevalier des étoiles",
			"frDescription": "<p>La chevalerie est une tradition qui a surv&eacute;cu &agrave; travers les mill&eacute;naires. De nombreux ordres, dont (mais certainement pas limit&eacute;s &agrave;) les Chevaliers de Golarion, les Ordres des Chevaliers infernaux des Cha&icirc;nes, de l&rsquo;&Eacute;clipse, de la Fournaise, du Portail, de la Pointe, de la Lance et du Fl&eacute;au, sont tr&egrave;s actifs dans les Mondes du Pacte et au-del&agrave;. Ces c&eacute;l&egrave;bres guerriers surentra&icirc;n&eacute;s sont des chevaliers des &eacute;toiles, champions d&rsquo;une des causes d&eacute;fendues par leur ordre et pr&ecirc;ts &agrave; faire honneur &agrave; leur serment &agrave; la pointe de l&rsquo;&eacute;p&eacute;e, d&rsquo;un canon &agrave; plasma ou m&ecirc;me de magie si n&eacute;cessaire.</p> <h1>Aptitudes de classe alternatives</h1> <p>L&rsquo;arch&eacute;type chevalier des &eacute;toiles conf&egrave;re des aptitudes de classe alternatives aux niveaux 2, 4, 6 et 12. Le chevalier des &eacute;toiles est un arch&eacute;type original dans la mesure o&ugrave; les aptitudes de classe alternatives des niveaux 6 et 12 se d&eacute;clinent selon plusieurs versions en fonction de l&rsquo;ordre auquel vous appartenez. Si vous n&rsquo;appartenez pas &agrave; un ordre particulier (ou si vous appartenez &agrave; un ordre qui ne fait pas partie de la liste pr&eacute;sent&eacute;e ici), vous recevez les aptitudes de classe alternatives attaque gard&eacute;e et volont&eacute;. Si vous appartenez &agrave; l&rsquo;un des ordres pr&eacute;sent&eacute;s dans la liste, vous pouvez &eacute;galement choisir ces aptitudes si vous le souhaitez.</p> <h2>Ma&icirc;trise des armures - Niveau 2</h2> <p>Vous &ecirc;tes form&eacute; au port des armures l&eacute;g&egrave;res. Si vous ma&icirc;trisez d&eacute;j&agrave; les armures l&eacute;g&egrave;res, vous &ecirc;tes &agrave; la place form&eacute; au port des armures lourdes. Si vous ma&icirc;trisez d&eacute;j&agrave; les armures lourdes, vous gagnez &agrave; la place le pouvoir fortification quand vous portez une armure lourde ou une armure assist&eacute;e. Votre fortification vous donne 20 % de chances de transformer un coup critique que vous avez re&ccedil;u en attaque normale, qui inflige des d&eacute;g&acirc;ts normaux sans effets critiques. Vous lancez vos probabilit&eacute;s de fortification avant de d&eacute;terminer les d&eacute;g&acirc;ts du coup critique. Si vous poss&eacute;dez un pouvoir de fortification d&rsquo;une autre source (comme un champ de force), vous augmentez alors vos chances de transformer un coup critique en attaque normale de 20 % (jusqu&rsquo;&agrave; un maximum de 100 %).</p> <h2>D&eacute;fi - Niveau 4</h2> <p>En tant que champion d&rsquo;un ordre de chevaliers, vous pouvez concentrer votre furie et votre attention sur un unique adversaire et le forcer &agrave; affronter votre courroux. Par une action complexe, vous pouvez vous d&eacute;placer de la totalit&eacute; de votre vitesse et porter une unique attaque contre un adversaire capable de vous voir et de vous entendre. Si vous poss&eacute;dez l&rsquo;aptitude de classe feinte offensive et que vous maniez une arme qui vous permet de l&rsquo;utiliser, cette attaque peut &ecirc;tre une feinte offensive. Que vous vous d&eacute;placiez ou non pour porter votre attaque, vous pouvez tenter de d&eacute;moraliser votre adversaire, comme la t&acirc;che du m&ecirc;me nom de la comp&eacute;tence Intimidation. Si votre bonus de base &agrave; l&rsquo;attaque est plus grand que votre bonus total dans la comp&eacute;tence Intimidation, vous pouvez utiliser votre bonus de base &agrave; l&rsquo;attaque au lieu de votre bonus total d&rsquo;Intimidation pour ce test de comp&eacute;tence. Si vous r&eacute;ussissez votre test, pendant toute la dur&eacute;e de l&rsquo;effet secou&eacute;, votre cible est &eacute;galement impr&eacute;cise pour toutes les attaques qu&rsquo;elle fait et dont vous n&rsquo;&ecirc;tes pas une cible. Une fois que vous avez utilis&eacute; ce pouvoir contre un adversaire, peu importe le r&eacute;sultat de votre tentative de d&eacute;moralisation, vous ne pouvez plus l&rsquo;utiliser contre le m&ecirc;me adversaire pendant 24 heures.</p> <h2>Attaque gard&eacute;e (Ext) - Niveau 6</h2> <p>Vous avez appris &agrave; utiliser le blindage et les capacit&eacute;s d&eacute;fensives de votre armure lourde pour prot&eacute;ger votre arme. Quand vous portez une armure lourde ou une armure assist&eacute;e, vous gagnez un bonus de +4 &agrave; votre CAC contre les man&oelig;uvres offensives de d&eacute;sarmement et de destruction. Vous perdez ce bonus quand vous faites une attaque &agrave; outrance, car vous ne pouvez pas prot&eacute;- ger votre arme en attaquant ainsi.</p> <h2>Volont&eacute; (Ext) - Niveau 12</h2> <p>Votre d&eacute;vouement &agrave; votre ordre et votre entra&icirc;nement pouss&eacute; vous ont permis d&rsquo;&eacute;riger des d&eacute;fenses mentales contre certains effets. Une fois par jour, quand vous &ecirc;tes cibl&eacute; par un effet mental qui vous demande un jet de sauvegarde, vous pouvez lancer deux fois les d&eacute;s et garder le meilleur r&eacute;sultat.</p> <h2>Aptitudes de classe alternatives de niveau 6 propres &agrave; des ordres</h2> <p>Les membres de Chevaliers de Golarion et des ordres des Chevaliers infernaux les plus courants poss&egrave;dent chacun des options propres &agrave; leur ordre qu&rsquo;ils peuvent s&eacute;lectionner comme aptitudes de classe alternatives au niveau 6. Une fois que vous avez choisi votre aptitude de classe alternative de niveau 6, vous ne pouvez plus en changer.</p> <h3>Attaque immobilisante (Sur) - Niveau 6</h3> <p>Un Chevalier infernal de l&rsquo;ordre des Cha&icirc;nes peut choisir l&rsquo;attaque immobilisante comme aptitude de classe alternative. Par une action simple, vous pouvez appliquer la fusion d&rsquo;arme <em>immobilisante</em> (<em>Livre de r&egrave;gles Starfinder</em> p.194) &agrave; toute arme que vous maniez. Vous pouvez utiliser ce pouvoir une fois par jour, puis une fois suppl&eacute;mentaire &agrave; partir du niveau 9 et tous les trois niveaux au-del&agrave;. La fusion d&rsquo;arme reste active jusqu&rsquo;&agrave; ce que vous d&eacute;posiez l&rsquo;arme ou qu&rsquo;elle soit mani&eacute;e par une autre cr&eacute;ature, ou jusqu&rsquo;&agrave; ce que vous preniez 10 minutes de repos pour regagner des points d&rsquo;Endurance. Cette fusion d&rsquo;arme n&rsquo;est pas prise en compte dans le nombre maximum de niveaux de fusions d&rsquo;arme qu&rsquo;une arme peut poss&eacute;der en m&ecirc;me temps.</p> <h3>Attaque incendiaire (Sur) - Niveau 6</h3> <p>Un Chevalier infernal de l&rsquo;ordre de la Fournaise peut choisir l&rsquo;attaque enflamm&eacute;e comme aptitude de classe alternative. Ce pouvoir fonctionne comme l&rsquo;aptitude de classe alternative attaque immobilisante, mais, par une action simple, le chevalier conf&egrave;re la fusion d&rsquo;arme enflamm&eacute;e (<em>Livre de r&egrave;gles Starfinder</em> p.194) &agrave; une arme de niveau 2 ou sup&eacute;rieur qu&rsquo;il tient en main.</p> <h3>Injonction (Mag) - Niveau 6</h3> <p>Un Chevalier infernal de l&rsquo;ordre de la Pointe peut choisir injonction comme aptitude de classe alternative. Par une action simple, vous pouvez lancer <em>@Compendium[sfrpg.spells.PVzsrE1TxBBjDLCa]{injonction}</em> comme s&rsquo;il s&rsquo;agissait d&rsquo;un pouvoir magique. Vous pouvez utiliser ce pouvoir une fois par jour, puis une fois suppl&eacute;- mentaire &agrave; partir du niveau 9 et tous les trois niveaux au-del&agrave;. Le DD du jet de sauvegarde est &eacute;gal &agrave; 11 + le modificateur de votre valeur de caract&eacute;ristique essentielle.</p> <h3>Cr&eacute;ation de t&eacute;n&egrave;bres (Sur) - Niveau 6</h3> <p>Un Chevalier infernal de l&rsquo;ordre de l&rsquo;&Eacute;clipse peut choisir cr&eacute;ation de t&eacute;n&egrave;bres comme aptitude de classe alternative. Par une action simple, vous pouvez cr&eacute;er une zone de t&eacute;n&egrave;bres de 6 m&egrave;tres de rayon dont le centre se situe dans un rayon de 6 m&egrave;tres autour de vous. Pendant 1 minute, la zone annule les effets de toutes les sources de lumi&egrave;re non magique qu&rsquo;elle recouvre. Vous pouvez voir normalement dans cette zone et pouvez mettre fin &agrave; l&rsquo;effet par une action simple. Sauf indication contraire, toute source de lumi&egrave;re magique &eacute;claire normalement la zone de t&eacute;n&egrave;bres. Vous pouvez utiliser ce pouvoir une fois par jour, puis une fois suppl&eacute;mentaire &agrave; partir du niveau 12 puis du niveau 18.</p> <h3>Attaque sanctifi&eacute;e (Sur) - Niveau 6</h3> <p>Un Chevalier de Golarion peut choisir attaque sanctifi&eacute;e comme aptitude de classe alternative. Ce pouvoir fonctionne comme l&rsquo;aptitude de classe alternative attaque immobilisante, mais, par une action simple, le chevalier conf&egrave;re la fusion d&rsquo;arme sanctifi&eacute;e (<em>Livre de r&egrave;gles Starfinder</em> p.195) &agrave; une arme de niveau 2 ou sup&eacute;rieur qu&rsquo;il tient en main.</p> <h3>Ma&icirc;trise de la lance (Sur) - Niveau 6</h3> <p>Un Chevalier infernal de l&rsquo;ordre de la Lance peut choisir ma&icirc;trise de la lance comme aptitude de classe alternative. Par une action simple, vous pouvez accorder &agrave; une arme de corps &agrave; corps que vous maniez la propri&eacute;t&eacute; sp&eacute;ciale allonge. Alternativement, vous pouvez combiner une arme de corps &agrave; corps qui poss&egrave;de d&eacute;j&agrave; la propri&eacute;t&eacute; sp&eacute;ciale allonge avec une arme &agrave; distance que vous ma&icirc;trisez, afin d&rsquo;utiliser l&rsquo;objet qui en r&eacute;sulte comme une arme de corps &agrave; corps avec allonge doubl&eacute;e d&rsquo;une arme &agrave; distance. Quelle que soit l&rsquo;option que vous avez choisie, celle-ci dure jusqu&rsquo;&agrave; ce que vous abandonniez l&rsquo;arme, qu&rsquo;elle soit r&eacute;cup&eacute;r&eacute;e par une autre cr&eacute;ature, que vous mettiez fin &agrave; l&rsquo;effet ou que vous preniez 10 minutes de repos pour regagner des points d&rsquo;Endurance. Vous pouvez utiliser ce pouvoir une fois par jour, puis une fois suppl&eacute;mentaire &agrave; partir du niveau 12 puis du niveau 18.</p> <h3>Convocation (Mag) - Niveau 6</h3> <p>Un chevalier infernal de l&rsquo;ordre du Portail peut choisir convocation comme aptitude de classe alternative. Par une action simple, vous pouvez lancer <em>@Compendium[sfrpg.spells.rJ0acpj21GDJYaim]{convocation de cr&eacute;ature}</em> (<em>X&eacute;no-archives Starfinder</em> p 144) comme un pouvoir magique dont le niveau de sort est &eacute;gal &agrave; un tiers de votre niveau de classe. Ce sort vous permet seulement de convoquer une unique cr&eacute;ature d&rsquo;alignement loyal. Vous pouvez utiliser cette aptitude une fois par jour.</p> <h3>Zone de v&eacute;rit&eacute; (Mag) - Niveau 6</h3> <p>Un chevalier infernal de l&rsquo;ordre du Fl&eacute;au peut choisir zone de v&eacute;- rit&eacute; comme aptitude de classe alternative. Par une action simple, vous pouvez lancer <em>@Compendium[sfrpg.spells.V3mnCtb962WQlICq]{zone de v&eacute;rit&eacute;}</em> comme s&rsquo;il s&rsquo;agissait d&rsquo;un pouvoir magique. Vous pouvez utiliser ce pouvoir une fois par jour, puis une fois suppl&eacute;mentaire &agrave; partir du niveau 10 et tous les quatre niveaux au-del&agrave;. Le DD du jet de sauvegarde est &eacute;gal &agrave; 12 + le modificateur de votre valeur de caract&eacute;ristique essentielle.</p> <h2>Aptitudes de classe alternatives de niveau 6 propres &agrave; des ordres</h2> <p>Les Chevaliers infernaux et les Chevaliers de Golarion poss&egrave;dent chacun une option d&rsquo;aptitude de classe alternative qui leur est propre au niveau 12. Une fois que vous avez choisi votre aptitude de classe alternative de niveau 12, vous ne pouvez plus en changer.</p> <h3>Au nom des Enfers (Sur) - Niveau 12</h3> <p>Les Chevaliers infernaux de n&rsquo;importe quel ordre peuvent choisir au nom des Enfers comme aptitude de classe alternative. Par une action simple, vous prononcez un jugement contre toutes les cr&eacute;atures non loyales qui se trouve dans un rayon de 6 m&egrave;tres. Toutes les cr&eacute;atures cibl&eacute;es qui peuvent vous entendre doivent r&eacute;ussir un jet de sauvegarde de Volont&eacute; (DD = 10 + la moiti&eacute; de votre niveau de personnage + le modificateur de votre valeur de caract&eacute;ristique essentielle) ou se trouver dans l&rsquo;&eacute;tat chancelant pendant 1d4 rounds. Il s&rsquo;agit d&rsquo;un effet mental bas&eacute; sur les sens. Vous pouvez utiliser ce pouvoir une fois par jour, puis une fois suppl&eacute;mentaire &agrave; partir du niveau 18.</p> <h3>Protection d&rsquo;autrui (Mag) - Niveau 12</h3> <p>Un Chevalier de Golarion peut choisir protection d&rsquo;autrui comme aptitude de classe alternative. Par une action simple, vous lancez <em>@Compendium[sfrpg.spells.qbeQtgCtP8avY2ny]{protection d&rsquo;autrui}</em> comme un pouvoir magique sans avoir &agrave; d&eacute;penser de point de pers&eacute;v&eacute;rance. Vous pouvez utiliser ce pouvoir deux fois par jour, puis une fois suppl&eacute;mentaire au niveau 15 puis au niveau 18.</p>",
			"frSource": "MDP p.185"
		},
		"Starfinder Data Jockey": {
			"frName": "Manipulateur de données",
			"frDescription": "<p>Les manipulateurs de donn&eacute;es sont les plus experts de la Soci&eacute;t&eacute; des Explorateurs d&rsquo;&eacute;toiles les plus qualifi&eacute;s dans l&rsquo;analyse, l&rsquo;organisation, la manipulation et la r&eacute;cup&eacute;ration de donn&eacute;es. Ils vivent pour l&rsquo;adr&eacute;naline qui accompagne l&rsquo;exploration et la d&eacute;couverte et ils se plongent dans les bases de donn&eacute;es et les r&eacute;seaux avec le m&ecirc;me enthousiasme qu&rsquo;un agent de terrain s&rsquo;aventurant dans des ruines antiques. La plupart des manipulateurs de donn&eacute;es font partie de la faction des Dataphiles (pour en savoir plus, reportez-vous &agrave; l&rsquo;annexe 2 du <em>Guide de Guilde de la Soci&eacute;t&eacute; des Explorateurs d&rsquo;&eacute;toiles</em>).</p> <p>&Eacute;tant donn&eacute; leur affinit&eacute; avec les ordinateurs et la technologie, les manipulateurs de donn&eacute;es sont souvent des &eacute;missaires, des m&eacute;canos, des agents ou des technomanciens. Cela dit, des individus de toutes les classes peuvent devenir des manipulateurs de donn&eacute;es de talent.</p> <h1>Aptitudes de classe alternatives</h1> <p>L&rsquo;arch&eacute;type du manipulateur de donn&eacute;es des Explorateurs des &eacute;toiles conf&egrave;re des aptitudes de classe alternatives aux niveaux 2, 6, 9 et 18.</p> <h2>Extraction rapide (Ext) - Niveau 2</h2> <p>D&egrave;s que vous avez acc&egrave;s une infosph&egrave;re ou un ensemble de donn&eacute;es t&eacute;l&eacute;charg&eacute;es, vous pouvez utiliser la comp&eacute;tence Informatique pour tout test de comp&eacute;tence servant &agrave; vous rappeler quelque chose. En outre, vous faites preuve d&rsquo;int&eacute;r&ecirc;t pour les &eacute;tudes scientifiques et &ecirc;tes anim&eacute;s d&rsquo;une intarissable soif de connaissances qui d&eacute;passe vos domaines d&rsquo;expertise. Votre capacit&eacute; &agrave; cr&eacute;er des simulations et g&eacute;rer des donn&eacute;es vous permet ainsi d&rsquo;utiliser des comp&eacute;tences que vous seriez sinon incapable d&rsquo;appr&eacute;hender. Choisissez Culture, Ing&eacute;nierie, Sciences de la vie, M&eacute;decine, Mysticisme, Sciences physiques ou Profession (n&rsquo;importe laquelle). &Agrave; chaque fois que vous faites un test avec cette comp&eacute;tence et si cela est &agrave; votre avantage, vous pouvez dans le cadre de ce test utiliser la moiti&eacute; de vos rangs en Informatique comme s&rsquo;il s&rsquo;agissait de vos rangs dans cette comp&eacute;tence. Dans le cadre de ce test, vous &ecirc;tes &eacute;galement consid&eacute;r&eacute; comme form&eacute; &agrave; cette comp&eacute;tence. Toujours pour ce test, si vous d&eacute;pensez 1 Point de pers&eacute;v&eacute;rance, vous pouvez utiliser l&rsquo;ensemble de vos rangs en Informatique comme s&rsquo;il s&rsquo;agissait de vos rangs dans cette comp&eacute;tence. Vous pouvez s&eacute;lectionner une comp&eacute;tence suppl&eacute;mentaire avec laquelle utiliser ce pouvoir aux niveaux 8, 14 et 20. Par ailleurs, si vous obtenez une quantit&eacute; de rangs &eacute;gale ou sup&eacute;rieure &agrave; la moiti&eacute; de vos rangs en Informatique dans une comp&eacute;tence que vous avez s&eacute;lectionn&eacute;e dans le cadre de ce pouvoir, vous pouvez imm&eacute;diatement remplacer cette comp&eacute;tence par une autre qui se trouve dans la liste ci-dessus.</p> <h2>Gourou des syst&egrave;mes (Ext) - Niveau 6</h2> <p>&Agrave; chaque fois que vous utilisez Informatique pour tenter de d&eacute;truire ou de r&eacute;parer un syst&egrave;me ou un module, d&eacute;tecter une section factice, d&eacute;sactiver ou manipuler un module, obtenir un acc&egrave;s privil&eacute;gi&eacute; ou pirater un syst&egrave;me, et que l&rsquo;&eacute;chelon de l&rsquo;ordinateur cibl&eacute; ne d&eacute;passe pas la moiti&eacute; de votre niveau, vous pouvez lancer le d&eacute; deux fois et choisir le r&eacute;sultat le plus &eacute;lev&eacute;.</p> <h2>Analyse tactique (Ext) - Niveau 9</h2> <p>Par une action de mouvement, vous pouvez analyser les d&eacute;placements et les d&eacute;fenses d&rsquo;une cr&eacute;ature afin d&rsquo;y d&eacute;couvrir une faiblesse. Faites un test de comp&eacute;tence en utilisant la m&ecirc;me comp&eacute;tence que vous utiliseriez pour identifier la cr&eacute;ature (Ing&eacute;nierie, Sciences de la vie ou Mysticisme). Vous ne pouvez pas faire 10 ou faire 20 pour ce test, m&ecirc;me si un pouvoir vous donne cette possibilit&eacute; en combat. Le DD de ce test est &eacute;gal &agrave; 15 + le FP de la cr&eacute;ature. Sur une r&eacute;ussite, jusqu&rsquo;&agrave; la fin de votre tour, vous gagnez un bonus de circonstances de +1 &agrave; vos jets d&rsquo;attaques contre cette cr&eacute;ature et toute attaque d&rsquo;arme ou de sort lanc&eacute;e ignore 5 points de sa RD et de ses r&eacute;sistances aux &eacute;nergies. Alternativement, vous pouvez faire une deuxi&egrave;me action de mouvement afin de transmettre vos d&eacute;couvertes &agrave; vos alli&eacute;s : jusqu&rsquo;au d&eacute;but de votre prochain tour, les attaques d&rsquo;arme et de sort de vos alli&eacute;s peuvent ignorer 5 points de la RD et des r&eacute;sistances aux &eacute;nergies de la cible (vos alli&eacute;s ne gagnent cependant pas de bonus &agrave; leurs jets d&rsquo;attaque).</p> <h2>Ma&icirc;tre des savoirs (Ext) - Niveau 18</h2> <p>Vous pouvez utiliser l&rsquo;ensemble de vos rangs en Informatique comme s&rsquo;il s&rsquo;agissait de vos rangs dans les comp&eacute;tences que vous avez choisies dans le cadre du pouvoir extraction rapide, sans avoir &agrave; d&eacute;penser de Point de pers&eacute;v&eacute;rance.</p>",
			"frSource": "MDP p.187"
		},
		"Steward Officer": {
			"frName": "Officier intendant",
			"frDescription": "<p>Les Intendants sont des gardiens de la paix interplan&eacute;taires char g&eacute;s de veiller au respect du Pacte d&rsquo;Absalom, la fragile alliancequi unit les Mondes du Pacte. Bas&eacute;s sur la Station Absalom, les Intendants font r&eacute;gner l&rsquo;ordre dans les zones de l&rsquo;espace qui &eacute;chappent &agrave; la juridiction des gouvernements plan&eacute;taires, remplissent les r&ocirc;les de m&eacute;- diateurs et conseillers dans les disputes et, si n&eacute;cessaire, ils mettent un terme aux conflits militaires naissants par une d&eacute;monstration de force implacable. Les Intendants remplissent autant le r&ocirc;le de diplomates que d&rsquo;agents de police, mais ne se tournent vers la violence qu&rsquo;en dernier recours. Cette double fonction se refl&egrave;te dans leur entra&icirc;nement, qui int&egrave;gre des techniques de r&eacute;solution de conflits, des techniques de combat et des techniques combinant ces deux approches.</p> <p>La majorit&eacute; des officiers Intendants sont des &eacute;missaires poss&eacute;dant une formation de combat ou des soldats avec une formation de diplomate. Cela dit, les solariens font &eacute;galement d&rsquo;excellents officiers.</p> <h1>Aptitudes de classe alternatives</h1> <p>L&rsquo;arch&eacute;type d&rsquo;officier Intendant conf&egrave;re des aptitudes de classe alternatives aux niveaux 2, 4 et 9.</p> <h2>Formation diplomatique (Ext) - Niveau 2</h2> <p>Vous gagnez Culture et Diplomatie comme comp&eacute;tences de classe. Pour chacune de ces comp&eacute;tences qui est d&eacute;j&agrave; une comp&eacute;tence de classe (ou devient une comp&eacute;tence de classe), obtenue d&rsquo;une autre source que cet arch&eacute;type, vous apprenez &agrave; parler et lire une nouvelle langue. Reportez-vous &agrave; la page 41 du <em>Livre de r&egrave;gles Starfinder</em> pour voir la liste des langues parl&eacute;es dans les Mondes du Pacte et au-del&agrave;.</p> <p>Vous pouvez utiliser votre comp&eacute;tence Diplomatie pour faire des tests d&rsquo;Intimidation afin de d&eacute;moraliser une cible et votre comp&eacute;- tence Culture pour faire des tests de Sciences de la vie dans le but d&rsquo;identifier des humano&iuml;des et des humano&iuml;des monstrueux. Quand vous faites un test de Diplomatie pour changer l&rsquo;attitude d&rsquo;une cr&eacute;ature envers vous et que vous &eacute;chouez &agrave; votre test, l&rsquo;attitude de cette cr&eacute;ature se d&eacute;grade seulement si vous avez &eacute;chou&eacute; de 10 ou plus.</p> <h2>Entra&icirc;nement militaire (Ext) - Niveau 4</h2> <p>Vous gagnez l&rsquo;un des dons suivants comme don suppl&eacute;mentaire (vous devez remplir toutes les conditions du don choisi) : Maniement des armes de corps &agrave; corps &eacute;volu&eacute;es, Science du combat &agrave; mains nues ou Maniement des armes longues. Au niveau 6, si vous avez choisi Science du combat &agrave; mains nues au niveau 4, vous gagnez Science de la man&oelig;uvre offensive. Sinon, vous gagnez le don Sp&eacute;cialisation martiale comme don suppl&eacute;mentaire, en prenant le m&ecirc;me type d&rsquo;arme que vous avez choisi pour le don suppl&eacute;mentaire que vous avez gagn&eacute; au niveau 4. Si vous poss&eacute;dez d&eacute;j&agrave; tous les dons propos&eacute;s, vous pouvez &agrave; la place choisir un don suppl&eacute;- mentaire de combat.</p> <h2>Exiger la reddition (Ext) - Niveau 9</h2> <p>Par une action complexe, vous pouvez pr&eacute;parer une action afin d&rsquo;attaquer un adversaire s&rsquo;il accomplit n&rsquo;importe quelle action qui ne se trouve pas dans cette liste : modifier sa prise (de deux mains &agrave; une main), raillerie en combat, l&acirc;cher un objet, se jeter &agrave; terre, rengainer une arme ou se mettre en d&eacute;fense totale ; les actions purement mentales, comme l&rsquo;aptitude t&eacute;l&eacute;pathie limit&eacute;e des lashuntas, ne d&eacute;clenchent pas non plus l&rsquo;attaque. Dans le cadre de cette action complexe, vous pouvez tenter de d&eacute;moraliser votre adversaire. Si vous r&eacute;ussissez, vous gagnez un bonus de moral de +1 &agrave; votre jet d&rsquo;attaque si l&rsquo;action pr&eacute;par&eacute;e est d&eacute;clench&eacute;e. Si l&rsquo;un de vos alli&eacute;s attaque cet adversaire avant le d&eacute;clenchement de l&rsquo;action pr&eacute;par&eacute;e, vous perdez cette action pr&eacute;par&eacute;e et, pour le reste du combat, votre d&eacute;compte d&rsquo;initiative devient votre d&eacute;compte d&rsquo;initiative actuel, comme si l&rsquo;action pr&eacute;par&eacute;e avait &eacute;t&eacute; d&eacute;clench&eacute;e. Cependant, vos alli&eacute;s peuvent &eacute;galement pr&eacute;parer une action leur permettant d&rsquo;attaquer votre cible sans vous faire perdre l&rsquo;action que vous avez pr&eacute;par&eacute;e, dans la mesure o&ugrave; ils choisissent le m&ecirc;me d&eacute;clencheur. Si c&rsquo;est le cas et que vous avez r&eacute;ussi &agrave; d&eacute;moraliser la cible, ils gagnent &eacute;galement un bonus de moral de +1 &agrave; leurs jets d&rsquo;attaque.</p> <p>Au niveau 14, vous pouvez utiliser cette aptitude par une action simple. Alternativement, vous pouvez utiliser cette aptitude par une action complexe, dans le cadre de laquelle vous pr&eacute;parez une attaque &agrave; outrance et tentez de d&eacute;moraliser votre cible.</p>",
			"frSource": "MDP p.188"
		},
		"Arcanamirium Sage": {
			"frName": "Sage de l’Arcanamirium",
			"frDescription": "<p>L&rsquo;Arcanamirium de la Station Absalom est une prestigieuse ins titution d&rsquo;apprentissage de la magie, &agrave; l&rsquo;image de l&rsquo;acad&eacute;miearcanique pr&eacute;-Faille du m&ecirc;me nom. Les chambres fortes de l&rsquo;universit&eacute; abritent de nombreux et v&eacute;n&eacute;rables artefacts extraterrestres et beaucoup de sages form&eacute;s dans cette institution se sp&eacute;cialisent dans l&rsquo;&eacute;tude de ces objets magiques. Les sages de l&rsquo;Arcanamirium apprennent &agrave; pirater l&rsquo;aura de magie d&eacute;gag&eacute;e par un objet afin d&rsquo;acc&eacute;der &agrave; des pouvoirs interdits aux utilisateurs normaux.</p> <p>La plupart des sages de l&rsquo;Arcanamirium sont des mystiques et des technomanciens qui ont &eacute;tudi&eacute; &agrave; l&rsquo;universit&eacute;, mais d&rsquo;autres personnages peuvent prendre cet arch&eacute;type, comme des explorateurs qui ont explor&eacute; d&rsquo;anciens sites charg&eacute;s de puissance magique ou des aventuriers qui souhaitent am&eacute;liorer leurs comp&eacute;tences magiques.</p> <h1>Aptitudes de classe alternatives</h1> <p>L&rsquo;arch&eacute;type du sage de l&rsquo;Arcanamirium conf&egrave;re des aptitudes de classe alternatives aux niveaux 2, 6, 9 ,12 et 18.</p> <h2>Sp&eacute;cialiste des objets magiques (Ext) - Niveau 2</h2> <p>En tant que sage de l&rsquo;Aracanamirium, vous b&eacute;n&eacute;ficiez d&rsquo;une compr&eacute;hension quasi instinctive de la magie et des objets hybrides. Lors de vos tests d&rsquo;Ing&eacute;nierie et de Mysticisme destin&eacute;s &agrave; identifier ou r&eacute;parer des objets hybrides ou magiques, vous gagnez un bonus d&rsquo;intuition &eacute;gal &agrave; la moiti&eacute; de votre niveau de classe, et vous n&rsquo;avez pas besoin de lancer <em>@Compendium[sfrpg.spells.kxx5x0JAgFuEQJAm]{d&eacute;tection de la magie}</em> pour d&eacute;terminer si un objet est magique ou pour identifier un objet magique. Vous pouvez &eacute;galement d&eacute;chiffrer les inscriptions magiques qui seraient sinon inintelligibles ou, par une action complexe, identifier n&rsquo;importe quel sort encod&eacute; dans une gemme &agrave; sorts, m&ecirc;me si vous n&rsquo;&ecirc;tes pas vous-m&ecirc;me un lanceur de sorts.</p> <p>Vous gagnez le sort <em>@Compendium[sfrpg.spells.PlIKBubNljqxVPsz]{identification}</em>. Si une aptitude de classe vous permet de lancer des sorts, ajoutez <em>@Compendium[sfrpg.spells.PlIKBubNljqxVPsz]{identification}</em> &agrave; la liste de sorts que vous connaissez et consid&eacute;rez-le comme un sort de votre liste de sorts de classe. Si vous connaissez d&eacute;j&agrave; le sort <em>@Compendium[sfrpg.spells.PlIKBubNljqxVPsz]{identification}</em>, choisissez &agrave; la place un sort de niveau 1 connu de votre choix dans votre liste de sorts de classe. Si vous n&rsquo;avez pas de liste de sorts de classe ou de sorts connus, vous gagnez <em>@Compendium[sfrpg.spells.PlIKBubNljqxVPsz]{identification}</em> sous forme de pouvoir magique que vous pouvez lancer deux fois par jour.</p> <p>En outre, dans les communaut&eacute;s typiques, vous pouvez trouver et acheter n&rsquo;importe quel objet hybride ou magique avec un niveau d&rsquo;objet &eacute;gal au niveau de votre personnage +2. Le MJ peut cependant toujours choisir de limiter l&rsquo;acc&egrave;s &agrave; certains objets, peu importe leur niveau.</p> <h2>Manipulation de gemme &agrave; sorts (Sur) - Niveau 6</h2> <p>Une fois par jour, quand vous tenez une gemme &agrave; sorts entre vos mains, vous pouvez lancer le sort encod&eacute; dans celle-ci en utilisant un emplacement de sort de niveau &eacute;quivalent ou sup&eacute;rieur, comme si vous lanciez un de vos sorts connus. Ce sort doit se trouver dans la liste de sorts de votre classe et son incantation ne doit pas n&eacute;cessiter de mat&eacute;riaux on&eacute;reux. Si le sort demande de d&eacute;penser des Points de pers&eacute;v&eacute;rance, vous devez utiliser un nombre de Points de pers&eacute;v&eacute;rance &eacute;quivalent pour pouvoir utiliser ce pouvoir. Utiliser une gemme &agrave; sort ainsi n&rsquo;&eacute;puise pas la magie qu&rsquo;elle contient. Si vous n&rsquo;&ecirc;tes pas un lanceur de sorts, vous pouvez &agrave; la place utiliser une gemme &agrave; sorts pour lancer un sort une fois par jour comme si vous &eacute;tiez un lanceur de sort (vous d&eacute;pensez alors normalement la magie qu&rsquo;elle contient), tant que le niveau d&rsquo;objet de la gemme &agrave; sorts n&rsquo;est pas plus &eacute;lev&eacute; que votre niveau de personnage.</p> <p>Vous gagnez &eacute;galement le sort <em>@Compendium[sfrpg.spells.uH3JWy7ICH8DNS8m]{augure}</em>, avec les m&ecirc;mes r&egrave;gles que celles qui r&eacute;gissent l&rsquo;acc&egrave;s au sort <em>@Compendium[sfrpg.spells.PlIKBubNljqxVPsz]{identification}</em> dans l&rsquo;aptitude de classe alternative sp&eacute;cialiste des objets magiques.</p> <h2>Harmonisation &agrave; un objet magique (Sur) - Niveau 9</h2> <p>Vous pouvez porter jusqu&rsquo;&agrave; trois objets hybrides ou magiques &agrave; la fois et ils fonctionnent tous normalement. Vous gagnez &eacute;galement le sort <em>@Compendium[sfrpg.spells.J6TKSw3AuZfwNW0A]{vision magique}</em>, avec les m&ecirc;mes r&egrave;gles que celles qui r&eacute;gissent l&rsquo;acc&egrave;s au sort <em>@Compendium[sfrpg.spells.PlIKBubNljqxVPsz]{identification}</em> dans l&rsquo;aptitude de classe alternative sp&eacute;cialiste des objets magiques.</p> <h2>Recharger un objet magique (Sur) - Niveau 12</h2> <p>Une fois par jour, vous pouvez d&eacute;penser 1 Point de pers&eacute;v&eacute;rance pour renouveler les charges quotidiennes d&rsquo;un objet magique, m&ecirc;me si celui-ci a d&eacute;j&agrave; r&eacute;cup&eacute;r&eacute; ses charges pour la journ&eacute;e. Le niveau d&rsquo;objet de cet objet magique ne peut pas &ecirc;tre sup&eacute;rieur &agrave; celui de votre niveau de personnage. Ce pouvoir n&rsquo;a pas d&rsquo;effet sur les objets magiques qui n&rsquo;ont pas de charges &agrave; renouveler chaque jour.</p> <h2>Harmonisation &agrave; un objet magique sup&eacute;rieure (Sur) - Niveau 18</h2> <p>Vous pouvez porter jusqu&rsquo;&agrave; quatre objets hybrides ou magiques &agrave; la fois et ils fonctionnent tous normalement.</p>",
			"frSource": "MDP p.189"
		},
		"Phrenic Adept": {
			"frName": "Adepte Phrénique",
			"frDescription": "<p>Tandis que de nombreux mystiques et technomanciens sont form&eacute;s aux traditions psychiques et en connaissent la terminologie, il existe de nombreux autres personnages qui acqui&egrave;rent des pouvoirs mentaux en dehors de ces classes. Les adeptes phr&eacute;niques sont capables de faire appel &agrave; des pouvoirs psychiques bien plus puissants que ceux des races comme les lashuntas et les shirrens mais sans atteindre l&rsquo;ampleur des pouvoirs d&rsquo;un lanceur de sorts. Au lieu de s&rsquo;en servir comme de leur principale source de puissance, ils utilisent donc leur talent surnaturel pour augmenter d&rsquo;autres pouvoirs.</p> <p>La majorit&eacute; des adeptes phr&eacute;niques sont des lashuntas et des shirrens, bien que les membres des autres races puissent aussi d&eacute;velopper des pouvoirs mentaux. M&ecirc;me si cela existe, il est rare que des adeptes phr&eacute;niques soient &eacute;galement des mystiques ou des technomanciens puisque la plupart des lanceurs de sorts canalisent toute leur puissance surnaturelle dans leur entra&icirc;nement de classe.</p> <h1>Aptitudes de classe alternatives</h1> <p>L&rsquo;adepte phr&eacute;nique accorde des aptitudes de classe alternatives aux niveaux 2, 4, 6, 9, 12 et 18.</p> <h2>&Eacute;veil phr&eacute;nique (Sur) - Niveau 2</h2> <p>Vous gagnez une t&eacute;l&eacute;pathie limit&eacute;e semblable au trait racial des lashuntas (voir page 48). Si votre race vous accorde d&eacute;j&agrave; la t&eacute;l&eacute;pathie limit&eacute;e (comme avec les lashuntas et les shirrens), vous augmentez de 18 m&egrave;tres la port&eacute;e de votre pouvoir.</p> <p>Vous pouvez aussi s&eacute;lectionner deux langages suppl&eacute;mentaires que vous pouvez utiliser uniquement pour communiquer t&eacute;l&eacute;pathiquement avec des cr&eacute;atures qui les connaissent. Si par d&rsquo;autres moyens (en attribuant des rangs &agrave; la comp&eacute;tence Culture, par exemple), vous apprenez la version compl&egrave;te d&rsquo;un langage avec lequel vous communiquez t&eacute;l&eacute;pathiquement vous pouvez au m&ecirc;me moment en choisir un nouveau avec lequel vous pourrez communiquer par t&eacute;l&eacute;pathie.</p> <p>De plus, vous n&rsquo;avez plus besoin d&rsquo;avoir le Charisme minimum requis pour le don Pouvoir psychique mineur ou pour n&rsquo;importe quel autre don qui a pour pr&eacute;requis Pouvoir psychique mineur.</p> <h2>D&eacute;fense phr&eacute;nique (Ext) - Niveau 4</h2> <p>Vos pouvoirs psychiques vous conf&egrave;rent une meilleure protection contre les attaques mentales. La premi&egrave;re fois que vous ratez un jet de sauvegarde contre un sort ou un effet avec le descripteur &eacute;motion, terreur, mental ou souffrance (voir page 269), en r&eacute;action, vous pouvez d&eacute;penser 1 point de pers&eacute;v&eacute;rance pour imm&eacute;diatement relancer ce jet de sauvegarde.</p> <p>M&ecirc;me si le second jet de sauvegarde &eacute;choue, vos d&eacute;fenses renforc&eacute;es peuvent r&eacute;duire les effets du sort ou du pouvoir. Si le sort, ou le pouvoir, inflige des d&eacute;g&acirc;ts, ils sont r&eacute;duits d&rsquo;un nombre &eacute;gal &agrave; votre niveau de classe. Si le sort, ou le pouvoir, a une dur&eacute;e d&rsquo;au moins 2 rounds, r&eacute;duisez de moiti&eacute; cette dur&eacute;e.</p> <h2>Sens phr&eacute;niques (Mag) - Niveau 6</h2> <p>Vous gagnez le pouvoir de ressentir les capacit&eacute;s mentales et les cr&eacute;atures qui en sont dot&eacute;es. Avec une action simple, vous pouvez d&eacute;penser 1 point de pers&eacute;v&eacute;rance pour activer vos sens phr&eacute;niques. Cela fonctionne comme avec le sort <em>@Compendium[sfrpg.spells.J6TKSw3AuZfwNW0A]{vision magique}</em> mais vous ne voyez que les sources magiques avec les descripteurs &eacute;motion, terreur, mental ou souffrance. Si vous r&eacute;ussissez un test de Mysticisme pour d&eacute;terminer l&rsquo;&eacute;cole de magie de la source, vous apprenez aussi lesquels de ces descripteurs y sont associ&eacute;s. En tant qu&rsquo;action simple, si vous vous concentrez sur une cr&eacute;ature pr&eacute;cise situ&eacute;e &agrave; moins de 40 m&egrave;tres de vous pour d&eacute;terminer si elle a des pouvoirs magiques ou si elle peut lancer des sorts (voir <em>@Compendium[sfrpg.spells.J6TKSw3AuZfwNW0A]{vision magique}</em> page 383), vous ne l&rsquo;apprenez que si au moins l&rsquo;un de ces pouvoirs est associ&eacute; aux descripteurs indiqu&eacute;s et vous n&rsquo;apprenez le niveau de lanceur de sorts que du plus puissant de ces pouvoirs.</p> <p>Tant que vos sens phr&eacute;niques sont actifs, vous gagnez aussi perception aveugle (&eacute;motion) &agrave; une port&eacute;e de 9 m&egrave;tres. Voir page 263 pour plus de d&eacute;tails sur perception aveugle.</p> <h2>Pouvoir phr&eacute;nique mineur (Mag) - Niveau 9</h2> <p>Vos capacit&eacute;s psychiques se sont suffisamment d&eacute;velopp&eacute;es pour vous permettre de dupliquer les effets de quelques sorts pr&eacute;cis. Une fois par jour, en tant que pouvoir magique, vous pouvez lancer un sort de la liste suivante : <em>@Compendium[sfrpg.spells.SysRFlYml1f1Eofd]{charme-monstre}</em>, <em>@Compendium[sfrpg.spells.4Z6WeMM9uJ1U0wG6]{clairaudience/claivoyance}</em> et <em>@Compendium[sfrpg.spells.OHGWvzUb9MJCNB8u]{&eacute;tranglement psychocin&eacute;tique}</em>. Au niveau 13, vous pouvez utiliser ce pouvoir deux fois par jour et au niveau 17, vous pouvez l&rsquo;utiliser trois fois par jour. Le DD pour les jets de sauvegarde contre ces sorts est &eacute;gal &agrave; 10 + niveau du sort + votre modificateur de caract&eacute;ristique essentielle.</p> <h2>Pouvoir phr&eacute;nique (Ext) - Niveau 12</h2> <p>Vos pouvoirs psychiques se sont renforc&eacute;s ce qui vous permet de dupliquer les effets de sorts de plus haut niveau. Une fois par jour, en tant que pouvoir magique, vous pouvez lancer un sort de la liste suivante : <em>@Compendium[sfrpg.spells.wSeE9HyAmM7lTdpo]{confusion}</em>, <em>@Compendium[sfrpg.spells.Yw8a8A1rjbLXkcpr]{sonde mentale}</em> et <em>@Compendium[sfrpg.spells.OM40z8TakmsrvDQU]{lien t&eacute;l&eacute;pathique}</em>. Au niveau 16, vous pouvez utiliser ce pouvoir deux fois par jour et au niveau 20, vous pouvez l&rsquo;utiliser trois fois par jour. Le DD pour les jets de sauvegarde contre ces sorts est &eacute;gal &agrave; 10 + niveau du sort + votre modificateur de caract&eacute;ristique essentielle.</p> <h2>Pouvoir phr&eacute;nique sup&eacute;rieur (Sur) - Niveau 18</h2> <p>Vos pouvoirs phr&eacute;niques se sont d&eacute;velopp&eacute;s et vous accordent d&eacute;sormais de puissantes capacit&eacute;s mentales. Une fois par jour vous pouvez utiliser une des capacit&eacute;s suivantes. Le DD pour les jets de sauvegarde contre ces capacit&eacute;s est &eacute;gal &agrave; 10 + la moiti&eacute; de votre niveau de classe + votre modificateur de caract&eacute;ristique essentielle.</p> <ul> <li><strong>Bouclier mental :</strong> en tant qu&rsquo;action de mouvement, vous pouvez vous octroyer un bonus d&rsquo;alt&eacute;ration de +5 &agrave; vos jets de sauvegarde contre les effets mentaux pendant 1 round par niveau de votre classe. Pendant toute cette dur&eacute;e, vous &ecirc;tes aussi immunis&eacute; contre les sorts et les effets qui permettent &agrave; une cr&eacute;ature de lire vos pens&eacute;es.</li> <li><strong>Broyage psychique :</strong> en tant qu&rsquo;action simple, vous pouvez p&eacute;n&eacute;- trer l&rsquo;esprit d&rsquo;une cr&eacute;ature situ&eacute;e &agrave; moins de 18 m&egrave;tres de vous. Vous lui infligez 15d8 points de d&eacute;g&acirc;ts non mortels et la victime est fi&eacute;vreuse pendant 1 round par niveau de votre classe. Si la cible r&eacute;ussit un jet de Vigueur, elle ne subit que la moiti&eacute; des d&eacute;g&acirc;ts et n&rsquo;est pas fi&eacute;vreuse. C&rsquo;est un effet de souffrance.</li> <li><strong>Synesth&eacute;sie de masse :</strong> en tant qu&rsquo;action simple, vous pouvez perturber les sens de cr&eacute;atures dont les perceptions sensorielles seront analys&eacute;es par les mauvais sens. Par exemple, le bruit provoquera une explosion de couleurs, les odeurs produiront des sons, etc. Vous pouvez cibler une cr&eacute;ature par deux niveaux de votre classe et les victimes doivent toutes &ecirc;tre situ&eacute;es &agrave; moins de 30 m&egrave;tres de vous et ne doivent pas &ecirc;tre s&eacute;par&eacute;es de plus de 9 m&egrave;tres les unes des autres. Chaque cible doit r&eacute;ussir un jet de Volont&eacute; ou &ecirc;tre chancelante et forc&eacute;e de consid&eacute;rer que toutes les cr&eacute;atures b&eacute;n&eacute;ficient d&rsquo;un camouflage (voir page 253) pendant 1 round par niveau de votre classe. Les pouvoirs qui r&eacute;duisent ou annulent les effets d&rsquo;un camouflage n&rsquo;ont aucune influence sur synesth&eacute;sie de masse. C&rsquo;est un pouvoir mental.</li> </ul>",
			"frSource": "RDB p.127"
		},
		"Starfinder Forerunner": {
			"frName": "Pionnier des Étoiles",
			"frDescription": "<p>Les membres de la soci&eacute;t&eacute; des Explorateurs d&rsquo;&eacute;toiles (voir page 480) consacrent une grande partie de leur temps, de leur argent et de leurs efforts pour explorer des lieux inconnus de leurs concitoyens des Mondes du Pacte. Qu&rsquo;ils explorent les vestiges d&rsquo;anciennes cultures, des mondes sans technologie moderne ou des civilisations qui n&rsquo;ont jamais eu le moindre contact avec les Mondes du Pacte, les Explorateurs d&rsquo;&eacute;toiles repoussent constamment les limites de l&rsquo;espace explor&eacute; afin de glaner les moindres fragments de connaissances pour d&eacute;finir les limites de la Faille. Quand cela est possible, ces exp&eacute;ditions sont pr&eacute;c&eacute;d&eacute;es, ou au moins soutenues, par un pionnier des &eacute;toiles qui est sp&eacute;cialement entra&icirc;n&eacute; pour l&rsquo;exploration, la reconnaissance et la survie.</p> <p>Tous les membres de la Soci&eacute;t&eacute; des Explorateurs d&rsquo;&eacute;toiles ne sont pas des pionniers et tous les pionniers ne choisissent pas cet arch&eacute;type. Cet arch&eacute;type repr&eacute;sente un expert qui a pass&eacute; des ann&eacute;es &agrave; &eacute;tudier et &agrave; s&rsquo;entra&icirc;ner avec des pionniers plus aguerris.</p> <p>La majorit&eacute; des pionniers sont des &eacute;missaires, des mystiques et des agents mais il en existe avec des niveaux dans d&rsquo;autres classes.</p> <h1>Aptitudes de classe alternatives</h1> <p>Le pionnier des &eacute;toiles accorde des aptitudes alternatives aux niveaux 2, 4 et 6.</p> <h2>Form&eacute; aux probl&egrave;mes (Ext) - Niveau 2</h2> <p>Vous gagnez Culture et Survie en tant que comp&eacute;tence de classe. Pour chacune de ces comp&eacute;tences qui est d&eacute;j&agrave; une comp&eacute;tence de classe (ou qui en devient une) sans que cela ait un lien avec cet arch&eacute;type, une fois par jour, vous pouvez choisir d&rsquo;effectuer un test avec cette comp&eacute;tence en jetant deux fois le jet est en prenant le meilleur r&eacute;sultat.</p> <p>Vous pouvez effectuer des tests d&rsquo;Ing&eacute;nierie, de Science de la vie et de Mysticisme pour identifier des cr&eacute;atures (voir page 133) m&ecirc;me si vous n&rsquo;&ecirc;tes pas form&eacute; dans ces comp&eacute;tences. Vous pouvez effectuer des tests de Survie pour r&eacute;sister &agrave; des conditions climatiques extr&ecirc;mes tout en vous d&eacute;pla&ccedil;ant &agrave; votre pleine vitesse sur de longues distances avec le bonus dont vous b&eacute;n&eacute;ficieriez en vous d&eacute;pla&ccedil;ant &agrave; la moiti&eacute; de votre vitesse au sol. Vous pouvez aussi tenter des tests de Survie pour vivre de la terre tout en vous d&eacute;pla&ccedil;ant &agrave; votre pleine vitesse.</p> <h2>Par&eacute; &agrave; toute &eacute;ventualit&eacute; (Ext) - Niveau 4</h2> <p>En tant qu&rsquo;&eacute;claireur pr&eacute;parant de plus vastes exp&eacute;ditions, vous &ecirc;tes entra&icirc;n&eacute; &agrave; &ecirc;tre par&eacute; &agrave; toute &eacute;ventualit&eacute;. Cette exp&eacute;rience et ce savoir-faire de planification vous octroient un certain nombre de pouvoirs. Quand vous &ecirc;tes capable d&rsquo;agir au cours du round de surprise d&rsquo;un combat, vous b&eacute;n&eacute;ficiez d&rsquo;un bonus de +2 &agrave; votre test d&rsquo;initiative pour ce combat.</p> <p>Quand vous r&eacute;ussissez &agrave; identifier une cr&eacute;ature avec un test de comp&eacute;tence (voir page 133), vous apprenez une information utile de plus. Quand vous atteignez le niveau 11 dans la classe avec laquelle vous avez choisi cet arch&eacute;type, vous apprenez deux informations utiles de plus.</p> <p>Quand vous tentez un test de Culture pour d&eacute;chiffrer des &eacute;crits (voir page 138), il n&rsquo;y a aucun risque que vous interpr&eacute;tiez mal le message (mais il est possible que vous ne puissiez pas le traduire). De plus, vous pouvez faire 20 (voir page 133) pour vos tests de Culture quand vous tenter de traduire un texte m&ecirc;me si vous n&rsquo;&ecirc;tes pas form&eacute; en Informatique et que vous n&rsquo;avez pas acc&egrave;s &agrave; un ordinateur ou &agrave; des donn&eacute;es t&eacute;l&eacute;chargeables.</p> <h2>Rafistolage de terrain (Ext) - Niveau 6</h2> <p>Vous avez pass&eacute; suffisamment de temps sur des terres &eacute;tranges, loin de la s&eacute;curit&eacute; de toute civilisation connue, pour savoir rafistoler des appareils et des v&eacute;hicules, et m&ecirc;me vous ou vos amis, en utilisant tout ce qui vous tombe sous la main. Une fois par jour, en tant qu&rsquo;action simple, vous pouvez d&eacute;penser 1 point de pers&eacute;v&eacute;rance pour r&eacute;cup&eacute;rer un nombre de points d&rsquo;endurance &eacute;gal &agrave; votre niveau de classe (jusqu&rsquo;&agrave; votre maximum). Vous pouvez aussi prendre 10 minutes et d&eacute;penser 1 point de pers&eacute;v&eacute;rance pour rendre un nombre de points de vie &eacute;gal &agrave; votre niveau de classe &agrave; un v&eacute;hicule, un &eacute;quipement ou &agrave; une cr&eacute;ature. On consid&egrave;re que vous avez r&eacute;cup&eacute;r&eacute; le mat&eacute;riel dont vous avez besoin pour effectuer cette action normalement.</p>",
			"frSource": "RDB p.128"
		}
	}
}